groupId,startTime,endTime,sourceLabel,req_count,x_std,y_std,z_std,x_unique,y_unique,z_unique,mean_abs_dx,mean_abs_dy,mean_dt,std_dt,min_dt,max_dt,predLabel,anomalyScore
::1|782cb12a-21cd-54d1-8c85-67c8642b6fa8,2026-04-07 22:21:42.335147600+00:00,2026-04-07 22:21:54.003419400+00:00,synthetic,30,1.1855612829185829,1.1234866364235143,0.0,4,4,1,0.3793103448275862,0.3793103448275862,0.4023541993108289,0.3329149628867363,0.1587159633636474,1.9897234439849851,synthetic,-0.5739605371920481
::1|782cb12a-21cd-54d1-8c85-67c8642b6fa8,2026-04-07 22:21:44.350625100+00:00,2026-04-07 22:21:57.144327800+00:00,synthetic,30,1.110055053689781,1.1474609652039005,0.0,4,4,1,0.5517241379310345,0.4482758620689655,0.4411621587029818,0.4340698750355119,0.1587159633636474,1.9897234439849851,synthetic,-0.5733865144853066
::1|782cb12a-21cd-54d1-8c85-67c8642b6fa8,2026-04-07 22:21:46.276041300+00:00,2026-04-07 22:22:01.272881100+00:00,synthetic,30,1.019803902718557,1.1234866364235143,0.0,4,4,1,0.4827586206896552,0.3793103448275862,0.517132413798365,0.5340951228367534,0.1867797374725341,2.185829401016236,synthetic,-0.5765906321772764
::1|782cb12a-21cd-54d1-8c85-67c8642b6fa8,2026-04-07 22:21:49.298637+00:00,2026-04-07 22:22:02.655799900+00:00,synthetic,30,0.7717224601860151,1.1357816691600546,0.0,4,4,1,0.6206896551724138,0.4137931034482758,0.4605918177242937,0.4554882339753214,0.1714725494384765,2.185829401016236,synthetic,-0.5744749611139137
::1|782cb12a-21cd-54d1-8c85-67c8642b6fa8,2026-04-07 22:21:50.914435500+00:00,2026-04-07 22:22:07.121160500+00:00,synthetic,30,0.7180219742846006,1.18133634311129,0.0,3,4,1,0.5172413793103449,0.3793103448275862,0.5588525821422708,0.530637430280776,0.1714725494384765,2.185829401016236,synthetic,-0.5750033755041679
::1|782cb12a-21cd-54d1-8c85-67c8642b6fa8,2026-04-07 22:21:52.637942400+00:00,2026-04-07 22:22:08.833096700+00:00,synthetic,30,0.7461009761866464,1.015983376941878,0.0,3,4,1,0.5517241379310345,0.4827586206896552,0.5584536009821398,0.5381786975575146,0.1489439010620117,2.185829401016236,synthetic,-0.5774261244344957
::1|782cb12a-21cd-54d1-8c85-67c8642b6fa8,2026-04-07 22:21:54.464633+00:00,2026-04-07 22:22:10.543566200+00:00,synthetic,30,0.7630348761506398,1.0,0.0,3,4,1,0.5517241379310345,0.4482758620689655,0.5544459655367094,0.5400971195676001,0.1489439010620117,2.185829401016236,synthetic,-0.5774261244344957
::1|782cb12a-21cd-54d1-8c85-67c8642b6fa8,2026-04-07 22:21:57.601922600+00:00,2026-04-07 22:22:13.644598200+00:00,synthetic,30,0.7371114795831993,1.0225241100118647,0.0,3,4,1,0.4827586206896552,0.5172413793103449,0.5531957149505615,0.5241572129342339,0.1489439010620117,2.185829401016236,synthetic,-0.5774261244344957
::1|782cb12a-21cd-54d1-8c85-67c8642b6fa8,2026-04-07 22:22:01.600027200+00:00,2026-04-07 22:22:16.264711800+00:00,synthetic,30,0.6674994798166929,0.8825468196582484,0.0,3,4,1,0.5172413793103449,0.5517241379310345,0.5056787770369957,0.4734112859404421,0.1489439010620117,1.7495577335357666,synthetic,-0.5758891131563827
::1|782cb12a-21cd-54d1-8c85-67c8642b6fa8,2026-04-07 22:22:03.109024800+00:00,2026-04-07 22:22:18.070317+00:00,synthetic,30,0.706320670013903,0.9428090415820634,0.0,3,4,1,0.4827586206896552,0.5517241379310345,0.5159066298912311,0.4690390068782784,0.1489439010620117,1.7495577335357666,synthetic,-0.5758891131563827
::1|782cb12a-21cd-54d1-8c85-67c8642b6fa8,2026-04-07 22:22:07.489373700+00:00,2026-04-07 22:22:24.820037800+00:00,synthetic,30,0.9637888196533974,0.8563488385776752,0.0,4,4,1,0.5862068965517241,0.4827586206896552,0.5976091088919804,0.6235495677923648,0.1489439010620117,2.268989562988281,synthetic,-0.5771127743053786
::1|782cb12a-21cd-54d1-8c85-67c8642b6fa8,2026-04-07 22:22:09.237425+00:00,2026-04-07 22:22:27.042480400+00:00,synthetic,30,1.145522685162639,0.7608474807008885,0.0,4,4,1,0.4827586206896552,0.4482758620689655,0.613967435113315,0.6203085211444599,0.1890981197357177,2.268989562988281,synthetic,-0.5771127743053786
::1|782cb12a-21cd-54d1-8c85-67c8642b6fa8,2026-04-07 22:22:10.793730400+00:00,2026-04-07 22:22:28.727548700+00:00,synthetic,30,1.174260996920569,0.789514618821801,0.0,4,4,1,0.4482758620689655,0.4137931034482758,0.6184075289759142,0.6187408259022853,0.1592476367950439,2.268989562988281,synthetic,-0.5771127743053786
::1|782cb12a-21cd-54d1-8c85-67c8642b6fa8,2026-04-07 22:22:13.922256300+00:00,2026-04-07 22:22:31.809337700+00:00,synthetic,30,1.0482790129010926,0.7461009761866465,0.0,4,3,1,0.4827586206896552,0.3103448275862069,0.6167959015944908,0.6071748133526793,0.1592476367950439,2.268989562988281,synthetic,-0.5771127743053786
::1|782cb12a-21cd-54d1-8c85-67c8642b6fa8,2026-04-07 22:22:16.621909600+00:00,2026-04-07 22:22:36.435216900+00:00,synthetic,30,1.0934146311237818,0.7717224601860149,0.0,4,3,1,0.4827586206896552,0.3793103448275862,0.6832174925968565,0.618297449747361,0.1592476367950439,2.268989562988281,synthetic,-0.5771127743053786
::1|782cb12a-21cd-54d1-8c85-67c8642b6fa8,2026-04-07 22:22:20.261749300+00:00,2026-04-07 22:22:37.971041900+00:00,synthetic,30,1.0934146311237818,0.7608474807008886,0.0,4,3,1,0.4137931034482758,0.3793103448275862,0.6106652555794552,0.556169640180648,0.1541564464569091,2.268989562988281,synthetic,-0.5771127743053786
::1|782cb12a-21cd-54d1-8c85-67c8642b6fa8,2026-04-07 22:22:25.273764500+00:00,2026-04-07 22:22:42.925652400+00:00,synthetic,30,1.0754843869934452,0.7483314773547882,0.0,4,3,1,0.3793103448275862,0.4137931034482758,0.6086857894371296,0.5515702677173538,0.1541564464569091,2.0573890209198,synthetic,-0.576332086293666
::1|782cb12a-21cd-54d1-8c85-67c8642b6fa8,2026-04-07 22:22:27.458829400+00:00,2026-04-07 22:22:46.527078300+00:00,synthetic,30,1.0306416555826872,0.7180219742846006,0.0,4,3,1,0.4827586206896552,0.4482758620689655,0.6575258271447544,0.6191356739639278,0.1541564464569091,2.213671922683716,synthetic,-0.5771127743053786
::1|782cb12a-21cd-54d1-8c85-67c8642b6fa8,2026-04-07 22:22:30.330699500+00:00,2026-04-07 22:22:50.451252700+00:00,synthetic,30,1.0049875621120892,0.6674994798166929,0.0,4,3,1,0.4482758620689655,0.5172413793103449,0.6938121812096958,0.6231195897125273,0.1541564464569091,2.213671922683716,synthetic,-0.5771127743053786
::1|782cb12a-21cd-54d1-8c85-67c8642b6fa8,2026-04-07 22:22:32.104681500+00:00,2026-04-07 22:23:41.781151100+00:00,synthetic,30,0.9285592184789412,0.8459051693633013,0.0,4,4,1,0.3448275862068966,0.5517241379310345,2.40263688153234,8.941289905321364,0.1541564464569091,49.60327672958374,synthetic,-0.6015257422262716
::1|782cb12a-21cd-54d1-8c85-67c8642b6fa8,2026-04-07 22:22:36.810167100+00:00,2026-04-07 22:23:43.753358700+00:00,synthetic,30,0.971253485622231,0.9977753031397176,0.0,4,4,1,0.3793103448275862,0.5172413793103449,2.308385914769666,8.956215088414295,0.1541564464569091,49.60327672958374,synthetic,-0.6015257422262716
::1|782cb12a-21cd-54d1-8c85-67c8642b6fa8,2026-04-07 22:22:38.346445100+00:00,2026-04-07 22:23:46.663365300+00:00,synthetic,30,1.0546194679704248,0.991631652042901,0.0,4,4,1,0.4482758620689655,0.5517241379310345,2.355755871739881,8.949885391282795,0.187610387802124,49.60327672958374,synthetic,-0.6015257422262716
::1|782cb12a-21cd-54d1-8c85-67c8642b6fa8,2026-04-07 22:22:43.365301+00:00,2026-04-07 22:23:48.580297700+00:00,synthetic,30,1.054619467970425,0.9122621455602672,0.0,4,4,1,0.3793103448275862,0.4827586206896552,2.248792993611303,8.962858330081731,0.187610387802124,49.60327672958374,synthetic,-0.6003441996838239
::1|782cb12a-21cd-54d1-8c85-67c8642b6fa8,2026-04-07 22:22:46.791974400+00:00,2026-04-07 22:23:50.563909800+00:00,synthetic,30,0.9826268648655784,0.869226987360353,0.0,4,4,1,0.3793103448275862,0.4827586206896552,2.199032257343161,8.96689382449803,0.187610387802124,49.60327672958374,synthetic,-0.6000641853898717
::1|782cb12a-21cd-54d1-8c85-67c8642b6fa8,2026-04-07 22:23:40.054529500+00:00,2026-04-07 22:23:52.857662700+00:00,synthetic,30,0.6674994798166929,0.7895146188218009,0.0,3,4,1,0.4137931034482758,0.4137931034482758,0.4414873534235461,0.2966322685733518,0.187610387802124,1.8205432891845703,synthetic,-0.5739649631401945
::1|782cb12a-21cd-54d1-8c85-67c8642b6fa8,2026-04-07 22:23:42.173078200+00:00,2026-04-07 22:23:54.582728900+00:00,synthetic,30,0.6674994798166929,0.8563488385776752,0.0,3,4,1,0.4137931034482758,0.3448275862068966,0.4279189849721974,0.2967434315392376,0.187610387802124,1.8205432891845703,synthetic,-0.5739649631401945
::1|782cb12a-21cd-54d1-8c85-67c8642b6fa8,2026-04-07 22:23:44.155714700+00:00,2026-04-07 22:23:56.059356500+00:00,synthetic,30,0.7483314773547883,0.8537498983243799,0.0,3,4,1,0.4137931034482758,0.4137931034482758,0.4104704034739527,0.3007350839295344,0.1566879749298095,1.8205432891845703,synthetic,-0.5739649631401945
::1|782cb12a-21cd-54d1-8c85-67c8642b6fa8,2026-04-07 22:23:47.097351800+00:00,2026-04-07 22:23:58.327755700+00:00,synthetic,30,0.8563488385776752,0.8825468196582484,0.0,4,4,1,0.4137931034482758,0.3448275862068966,0.3872553069016029,0.1631903062579474,0.1566879749298095,0.8709366321563721,synthetic,-0.5755164414672703
::1|782cb12a-21cd-54d1-8c85-67c8642b6fa8,2026-04-07 22:23:49.061336800+00:00,2026-04-07 22:24:01.485910400+00:00,synthetic,30,0.8919392106839767,0.8825468196582485,0.0,4,4,1,0.4827586206896552,0.3793103448275862,0.4284335744792017,0.3092354885164539,0.1566879749298095,1.8196542263031008,synthetic,-0.5739649631401945
::1|782cb12a-21cd-54d1-8c85-67c8642b6fa8,2026-04-07 22:23:50.983224+00:00,2026-04-07 22:24:03.133275+00:00,synthetic,30,0.8034647195462634,0.7951240294584375,0.0,4,3,1,0.5517241379310345,0.3448275862068966,0.4189672634519379,0.3052151497204053,0.1566879749298095,1.8196542263031008,synthetic,-0.5739649631401945
::1|782cb12a-21cd-54d1-8c85-67c8642b6fa8,2026-04-07 22:23:53.213811900+00:00,2026-04-07 22:24:04.919580200+00:00,synthetic,30,0.6531972647421808,0.8359957469322967,0.0,3,3,1,0.5172413793103449,0.4137931034482758,0.4036471843719482,0.2962639650381266,0.1566879749298095,1.8196542263031008,synthetic,-0.5739649631401945
::1|782cb12a-21cd-54d1-8c85-67c8642b6fa8,2026-04-07 22:23:54.954916900+00:00,2026-04-07 22:24:06.448537600+00:00,synthetic,30,0.7272474743090478,0.816496580927726,0.0,4,3,1,0.5862068965517241,0.4827586206896552,0.3963317460027234,0.2978685536710641,0.1566879749298095,1.8196542263031008,synthetic,-0.5739649631401945
::1|782cb12a-21cd-54d1-8c85-67c8642b6fa8,2026-04-07 22:23:56.369344700+00:00,2026-04-07 22:24:09.347205700+00:00,synthetic,30,0.8225975119502044,0.9637888196533974,0.0,4,4,1,0.6206896551724138,0.4482758620689655,0.4475124457786823,0.3554182088622229,0.1864905357360839,1.8196542263031008,synthetic,-0.5747922183849296
::1|782cb12a-21cd-54d1-8c85-67c8642b6fa8,2026-04-07 22:23:58.716988200+00:00,2026-04-07 22:24:11.056297400+00:00,synthetic,30,0.8225975119502044,0.9977753031397176,0.0,4,4,1,0.6206896551724138,0.5172413793103449,0.4254934294470425,0.3469510641315675,0.1864905357360839,1.8196542263031008,synthetic,-0.5747922183849296
::1|782cb12a-21cd-54d1-8c85-67c8642b6fa8,2026-04-07 22:24:01.827666600+00:00,2026-04-07 22:24:12.870714800+00:00,synthetic,30,0.9195409482755816,1.0482790129010924,0.0,4,4,1,0.5862068965517241,0.4827586206896552,0.3807947635650635,0.2250467541904212,0.1864905357360839,1.508247137069702,synthetic,-0.5744099467509081
::1|782cb12a-21cd-54d1-8c85-67c8642b6fa8,2026-04-07 22:24:03.443134900+00:00,2026-04-07 22:24:16.266189100+00:00,synthetic,30,1.0225241100118647,1.0482790129010926,0.0,4,4,1,0.5172413793103449,0.5172413793103449,0.4421742784565893,0.3382510952220294,0.2457828521728515,1.8004064559936523,synthetic,-0.574524122120678
::1|782cb12a-21cd-54d1-8c85-67c8642b6fa8,2026-04-07 22:24:05.211569900+00:00,2026-04-07 22:24:18.123722700+00:00,synthetic,30,0.9213516640723504,1.085766498326822,0.0,4,4,1,0.5172413793103449,0.5172413793103449,0.4452466471441861,0.3419418332142495,0.2334301471710205,1.8004064559936523,synthetic,-0.574524122120678
::1|782cb12a-21cd-54d1-8c85-67c8642b6fa8,2026-04-07 22:24:06.801874800+00:00,2026-04-07 22:24:19.781901600+00:00,synthetic,30,0.8825468196582484,1.051982255870633,0.0,4,4,1,0.4482758620689655,0.4482758620689655,0.4475871365645836,0.3415804251218524,0.2334301471710205,1.8004064559936523,synthetic,-0.574524122120678
::1|782cb12a-21cd-54d1-8c85-67c8642b6fa8,2026-04-07 22:24:09.690262600+00:00,2026-04-07 22:24:21.353410500+00:00,synthetic,30,0.8225975119502044,1.077032961426901,0.0,4,4,1,0.4482758620689655,0.3793103448275862,0.402177514701054,0.2774235734754059,0.2183144092559814,1.8004064559936523,synthetic,-0.5741981121914191
::1|782cb12a-21cd-54d1-8c85-67c8642b6fa8,2026-04-07 22:24:11.436963100+00:00,2026-04-07 22:24:26.507290900+00:00,synthetic,30,0.618241233033047,1.0440306508910548,0.0,3,4,1,0.4827586206896552,0.3103448275862069,0.5196664744410021,0.513134106292913,0.2183144092559814,2.136158943176269,synthetic,-0.577022184377778
::1|782cb12a-21cd-54d1-8c85-67c8642b6fa8,2026-04-07 22:24:14.671121400+00:00,2026-04-07 22:24:28.242045100+00:00,synthetic,30,0.6110100926607787,0.9067647005823628,0.0,3,4,1,0.4137931034482758,0.4137931034482758,0.4679628898357523,0.455534054461881,0.2007319927215576,2.136158943176269,synthetic,-0.5767609292664378
::1|782cb12a-21cd-54d1-8c85-67c8642b6fa8,2026-04-07 22:24:16.561871600+00:00,2026-04-07 22:24:31.138428600+00:00,synthetic,30,0.8299933065325822,0.7156970184527962,0.0,4,3,1,0.4482758620689655,0.4137931034482758,0.5026399020490975,0.5191736857733592,0.2007319927215576,2.136158943176269,synthetic,-0.5774261244344957
::1|782cb12a-21cd-54d1-8c85-67c8642b6fa8,2026-04-07 22:24:18.385208200+00:00,2026-04-07 22:24:32.728918300+00:00,synthetic,30,0.8595864638818418,0.92135166407235,0.0,4,4,1,0.5862068965517241,0.4482758620689655,0.4946106877820245,0.5188865776211158,0.1871786117553711,2.136158943176269,synthetic,-0.5774261244344957
::1|782cb12a-21cd-54d1-8c85-67c8642b6fa8,2026-04-07 22:24:20.000216+00:00,2026-04-07 22:25:58.298776+00:00,synthetic,30,1.1075498483890769,1.044030650891055,0.0,4,4,1,0.6206896551724138,0.6551724137931034,3.3896055221557617,15.404461641711483,0.0810637474060058,84.85440683364868,synthetic,-0.6129834858198783
::1|782cb12a-21cd-54d1-8c85-67c8642b6fa8,2026-04-07 22:24:21.713780500+00:00,2026-04-07 22:25:58.863308700+00:00,synthetic,30,1.0692676621563628,1.015983376941878,0.0,4,4,1,0.5862068965517241,0.896551724137931,3.349983741497171,15.41253721085926,0.0810637474060058,84.85440683364868,synthetic,-0.6123525489736389
::1|782cb12a-21cd-54d1-8c85-67c8642b6fa8,2026-04-07 22:24:26.710756500+00:00,2026-04-07 22:25:59.434565700+00:00,synthetic,30,1.0692676621563626,0.9551032521262935,0.0,4,4,1,0.4827586206896552,1.0689655172413792,3.1973727242699983,15.434842515947548,0.0810637474060058,84.85440683364868,synthetic,-0.6106246891140502
::1|782cb12a-21cd-54d1-8c85-67c8642b6fa8,2026-04-07 22:24:28.446855400+00:00,2026-04-07 22:26:59.309143900+00:00,synthetic,30,0.9551032521262935,1.002773930432755,0.0,4,4,1,0.5172413793103449,1.0344827586206895,5.202147878449539,18.25217321869209,0.0810637474060058,84.85440683364868,synthetic,-0.6203980081401123
::1|782cb12a-21cd-54d1-8c85-67c8642b6fa8,2026-04-07 22:24:31.420240800+00:00,2026-04-07 22:27:01.029372600+00:00,synthetic,30,0.9521904571390468,1.0482790129010924,0.0,4,4,1,0.5517241379310345,1.0,5.158935579760321,18.26178496693686,0.0810637474060058,84.85440683364868,synthetic,-0.6194126924104217
::1|782cb12a-21cd-54d1-8c85-67c8642b6fa8,2026-04-07 22:25:57.583325100+00:00,2026-04-07 22:27:03.561579800+00:00,synthetic,30,0.9451631252505216,1.0873004286866723,0.0,4,4,1,0.3793103448275862,0.9310344827586208,2.2751122260915824,10.328864566857396,0.0810637474060058,56.90398287773132,synthetic,-0.6003325657482734
::1|782cb12a-21cd-54d1-8c85-67c8642b6fa8,2026-04-07 22:25:58.417961700+00:00,2026-04-07 22:27:05.137053100+00:00,synthetic,30,0.9689627902499088,1.0049875621120887,0.0,4,4,1,0.3793103448275862,0.7931034482758621,2.3006583246691474,10.323699715100842,0.0842266082763671,56.90398287773132,synthetic,-0.6012024605791092
::1|782cb12a-21cd-54d1-8c85-67c8642b6fa8,2026-04-07 22:25:58.972525+00:00,2026-04-07 22:27:08.334458300+00:00,synthetic,30,1.0306416555826872,0.8844332774281065,0.0,4,4,1,0.3448275862068966,0.5517241379310345,2.391790801081164,10.309810915940425,0.1065907478332519,56.90398287773132,synthetic,-0.603213591711295
::1|782cb12a-21cd-54d1-8c85-67c8642b6fa8,2026-04-07 22:25:59.542363100+00:00,2026-04-07 22:27:10.988295200+00:00,synthetic,30,0.7180219742846006,0.6289320754704403,0.0,4,3,1,0.3448275862068966,0.4137931034482758,2.463652824533397,10.29720246684953,0.1512138843536377,56.90398287773132,synthetic,-0.603213591711295
::1|782cb12a-21cd-54d1-8c85-67c8642b6fa8,2026-04-07 22:26:59.493645800+00:00,2026-04-07 22:27:11.873970700+00:00,synthetic,30,0.7156970184527961,0.7180219742846006,0.0,3,3,1,0.3103448275862069,0.3793103448275862,0.4269077531222639,0.3934379327562762,0.1357433795928955,1.934610366821289,synthetic,-0.5752256886260432
::1|782cb12a-21cd-54d1-8c85-67c8642b6fa8,2026-04-07 22:27:01.994939+00:00,2026-04-07 22:27:13.236205400+00:00,synthetic,30,0.6699917080747261,0.7520342781785652,0.0,3,3,1,0.3448275862068966,0.3793103448275862,0.3876298789320321,0.3797142642451532,0.1357433795928955,1.934610366821289,synthetic,-0.5752256886260432
::1|782cb12a-21cd-54d1-8c85-67c8642b6fa8,2026-04-07 22:27:03.893662+00:00,2026-04-07 22:27:14.835146100+00:00,synthetic,30,0.6674994798166928,0.7453559924999299,0.0,3,3,1,0.3448275862068966,0.4137931034482758,0.3772925508433374,0.3793215311628051,0.1357433795928955,1.934610366821289,synthetic,-0.5752256886260432
::1|782cb12a-21cd-54d1-8c85-67c8642b6fa8,2026-04-07 22:27:05.406448600+00:00,2026-04-07 22:27:17.264838500+00:00,synthetic,30,0.7810249675906654,0.7781745019952502,0.0,3,3,1,0.4827586206896552,0.4827586206896552,0.4089099949803845,0.3834057624833684,0.1357433795928955,1.934610366821289,synthetic,-0.5752256886260432
::1|782cb12a-21cd-54d1-8c85-67c8642b6fa8,2026-04-07 22:27:08.674746+00:00,2026-04-07 22:27:22.161290+00:00,synthetic,30,0.7951240294584375,0.7717224601860151,0.0,3,3,1,0.5172413793103449,0.5172413793103449,0.4650532377177271,0.4262164855221391,0.1357433795928955,1.8982775211334229,synthetic,-0.5758024508498814
::1|782cb12a-21cd-54d1-8c85-67c8642b6fa8,2026-04-07 22:27:11.205530400+00:00,2026-04-07 22:27:23.757206100+00:00,synthetic,30,0.7340905181848415,0.7895146188218007,0.0,3,3,1,0.5862068965517241,0.4482758620689655,0.4328163985548348,0.3744519862677768,0.1357433795928955,1.8982775211334229,synthetic,-0.5752256886260432
::1|782cb12a-21cd-54d1-8c85-67c8642b6fa8,2026-04-07 22:27:12.106311+00:00,2026-04-07 22:27:26.050373600+00:00,synthetic,30,0.7630348761506398,0.7272474743090477,0.0,3,3,1,0.5517241379310345,0.5172413793103449,0.480829748614081,0.3713130567223898,0.1833889484405517,1.8982775211334229,synthetic,-0.5752256886260432
::1|782cb12a-21cd-54d1-8c85-67c8642b6fa8,2026-04-07 22:27:13.625092200+00:00,2026-04-07 22:27:29.039474800+00:00,synthetic,30,0.7895146188218007,0.7156970184527963,0.0,3,3,1,0.4827586206896552,0.4827586206896552,0.5315304377983356,0.4154776784707562,0.1856040954589843,1.8982775211334229,synthetic,-0.5758024508498814
::1|782cb12a-21cd-54d1-8c85-67c8642b6fa8,2026-04-07 22:27:15.254860400+00:00,2026-04-07 22:27:30.462732200+00:00,synthetic,30,0.7483314773547883,0.7180219742846006,0.0,3,3,1,0.4482758620689655,0.4482758620689655,0.5244093763417211,0.4187016287370165,0.1856040954589843,1.8982775211334229,synthetic,-0.5758024508498814
::1|782cb12a-21cd-54d1-8c85-67c8642b6fa8,2026-04-07 22:27:17.450442400+00:00,2026-04-07 22:27:32.918890300+00:00,synthetic,30,0.7630348761506397,0.669991708074726,0.0,3,3,1,0.4137931034482758,0.4137931034482758,0.5333947477669552,0.4371804032690717,0.1709227561950683,1.8982775211334229,synthetic,-0.5758024508498814
::1|782cb12a-21cd-54d1-8c85-67c8642b6fa8,2026-04-07 22:27:22.611970500+00:00,2026-04-07 22:27:35.728148700+00:00,synthetic,30,0.7520342781785652,0.6155395104206461,0.0,3,3,1,0.4482758620689655,0.4482758620689655,0.4522820012322787,0.3449788991437302,0.1709227561950683,1.5078458786010742,synthetic,-0.5743504288015986
::1|782cb12a-21cd-54d1-8c85-67c8642b6fa8,2026-04-07 22:27:24.686049100+00:00,2026-04-07 22:27:39.199099600+00:00,synthetic,30,0.7483314773547883,0.6699917080747261,0.0,3,3,1,0.4137931034482758,0.5172413793103449,0.5004500191787193,0.4748458490917076,0.1709227561950683,2.290841817855835,synthetic,-0.5772914463392269
::1|782cb12a-21cd-54d1-8c85-67c8642b6fa8,2026-04-07 22:27:26.338558+00:00,2026-04-07 22:27:40.723144800+00:00,synthetic,30,0.7156970184527962,0.7810249675906654,0.0,3,3,1,0.3793103448275862,0.4482758620689655,0.4960202348643335,0.4765330891728431,0.1709227561950683,2.290841817855835,synthetic,-0.5772914463392269
::1|782cb12a-21cd-54d1-8c85-67c8642b6fa8,2026-04-07 22:27:29.409579600+00:00,2026-04-07 22:27:43.101040400+00:00,synthetic,30,0.7340905181848413,0.7608474807008886,0.0,3,3,1,0.4137931034482758,0.4827586206896552,0.4721193395811936,0.4604016350500449,0.1709227561950683,2.290841817855835,synthetic,-0.5772914463392269
::1|782cb12a-21cd-54d1-8c85-67c8642b6fa8,2026-04-07 22:27:30.711731200+00:00,2026-04-07 22:27:46.306504600+00:00,synthetic,30,0.7453559924999299,0.7340905181848414,0.0,3,3,1,0.3448275862068966,0.4827586206896552,0.5377508114124167,0.5303686343539379,0.1709227561950683,2.290841817855835,synthetic,-0.5774261244344957
::1|782cb12a-21cd-54d1-8c85-67c8642b6fa8,2026-04-07 22:27:34.267918900+00:00,2026-04-07 22:27:47.857355800+00:00,synthetic,30,0.6699917080747261,0.7156970184527962,0.0,3,3,1,0.3448275862068966,0.4482758620689655,0.4686012761346225,0.4940392900373931,0.1713368892669677,2.290841817855835,synthetic,-0.5772914463392269
::1|782cb12a-21cd-54d1-8c85-67c8642b6fa8,2026-04-07 22:27:36.023140100+00:00,2026-04-07 22:27:49.531349100+00:00,synthetic,30,0.706320670013903,0.7483314773547883,0.0,3,3,1,0.3448275862068966,0.4482758620689655,0.4658003017820161,0.4954640681403116,0.1713368892669677,2.290841817855835,synthetic,-0.5772914463392269
::1|782cb12a-21cd-54d1-8c85-67c8642b6fa8,2026-04-07 22:27:39.380366600+00:00,2026-04-07 22:27:52.651401500+00:00,synthetic,30,0.7118052168020874,0.7371114795831993,0.0,3,3,1,0.4137931034482758,0.3793103448275862,0.4576218950337377,0.4418640114450204,0.1713368892669677,1.9637541770935056,synthetic,-0.5758024508498814
::1|782cb12a-21cd-54d1-8c85-67c8642b6fa8,2026-04-07 22:27:41.091859200+00:00,2026-04-07 22:29:14.696238100+00:00,synthetic,30,0.7888106377466155,0.74535599249993,0.0,3,3,1,0.4137931034482758,0.3793103448275862,3.227737204781894,14.458836488328595,0.1713368892669677,79.69821000099182,synthetic,-0.612224467182883
::1|782cb12a-21cd-54d1-8c85-67c8642b6fa8,2026-04-07 22:27:43.302981500+00:00,2026-04-07 22:29:17.150594200+00:00,synthetic,30,0.8459051693633012,0.7888106377466153,0.0,3,3,1,0.3793103448275862,0.4137931034482758,3.23612458130409,14.457102289577122,0.1713368892669677,79.69821000099182,synthetic,-0.612224467182883
::1|782cb12a-21cd-54d1-8c85-67c8642b6fa8,2026-04-07 22:27:46.785489700+00:00,2026-04-07 22:29:20.210746100+00:00,synthetic,30,0.7895146188218007,0.7999999999999999,0.0,3,3,1,0.4827586206896552,0.4482758620689655,3.221560568645083,14.458744485744216,0.1713368892669677,79.69821000099182,synthetic,-0.612224467182883
::1|782cb12a-21cd-54d1-8c85-67c8642b6fa8,2026-04-07 22:27:48.293709500+00:00,2026-04-07 22:29:24.351228300+00:00,synthetic,30,0.8055363982396381,0.7999999999999999,0.0,3,3,1,0.4482758620689655,0.3793103448275862,3.312328239967083,14.4449918977168,0.2002272605895996,79.69821000099182,synthetic,-0.612224467182883
::1|782cb12a-21cd-54d1-8c85-67c8642b6fa8,2026-04-07 22:27:49.979511600+00:00,2026-04-07 22:29:26.167200+00:00,synthetic,30,0.8537498983243799,0.8717797887081348,0.0,3,3,1,0.4137931034482758,0.3793103448275862,3.3168168478998643,14.444068328933138,0.1855556964874267,79.69821000099182,synthetic,-0.612224467182883
::1|782cb12a-21cd-54d1-8c85-67c8642b6fa8,2026-04-07 22:27:53.055527+00:00,2026-04-07 22:29:28.264708900+00:00,synthetic,30,0.7951240294584373,0.8944271909999159,0.0,3,3,1,0.3448275862068966,0.4137931034482758,3.2830752339856377,14.44842144557827,0.1855556964874267,79.69821000099182,synthetic,-0.612224467182883
::1|782cb12a-21cd-54d1-8c85-67c8642b6fa8,2026-04-07 22:29:14.943376+00:00,2026-04-07 22:29:29.803098300+00:00,synthetic,30,0.7810249675906654,0.8439325934114775,0.0,3,3,1,0.3793103448275862,0.3793103448275862,0.512404228078908,0.4484756185832481,0.1855556964874267,2.3069663047790527,synthetic,-0.5767609292664378
::1|782cb12a-21cd-54d1-8c85-67c8642b6fa8,2026-04-07 22:29:17.523723500+00:00,2026-04-07 22:29:31.665737900+00:00,synthetic,30,0.8055363982396381,0.8537498983243799,0.0,3,3,1,0.4827586206896552,0.4137931034482758,0.4876556643124284,0.4259445402457991,0.1855556964874267,2.3069663047790527,synthetic,-0.5767609292664378
::1|782cb12a-21cd-54d1-8c85-67c8642b6fa8,2026-04-07 22:29:20.683865+00:00,2026-04-07 22:31:47.814077200+00:00,synthetic,30,0.8055363982396381,0.8055363982396381,0.0,3,3,1,0.4827586206896552,0.4482758620689655,5.0734555885709565,17.828866632122228,0.1624495983123779,87.66873073577881,synthetic,-0.6223659171882973
::1|no-session,2026-04-07 20:48:15.481913400+00:00,2026-04-07 20:48:21.087767300+00:00,clean,30,1.53803626600791,1.3759844960366865,0.7461009761866464,6,6,4,1.137931034482759,1.2758620689655171,0.1933054839456492,0.6550614297110581,2.384185791015625e-07,3.5288374423980717,clean,-0.48394479823606074
::1|no-session,2026-04-07 20:48:19.457078300+00:00,2026-04-07 20:48:21.300914600+00:00,clean,30,1.498517786199268,1.3984117975602022,0.4988876515698588,6,6,2,1.2413793103448276,1.4137931034482758,0.0635807084808349,0.1642480686454483,4.76837158203125e-07,0.8724484443664551,clean,-0.38462357542874526
::1|no-session,2026-04-07 20:48:19.470326500+00:00,2026-04-07 20:48:21.447493+00:00,clean,30,1.7156145643277028,1.5132745950421556,0.4818944098266986,7,6,2,1.5172413793103448,1.3448275862068966,0.068178263885498,0.1632969972673419,1e-06,0.8724484443664551,clean,-0.36392754975566527
::1|no-session,2026-04-07 20:48:19.795426400+00:00,2026-04-07 20:48:21.600144200+00:00,clean,30,1.7336538165261122,1.256538454998051,0.3999999999999999,7,6,2,1.5517241379310345,1.4137931034482758,0.0622317165227429,0.1600390448449744,2.384185791015625e-07,0.8724484443664551,clean,-0.36322767094169867
::1|no-session,2026-04-07 20:48:19.990481400+00:00,2026-04-07 20:58:14.984240700+00:00,clean,30,2.0669354663903325,1.1160446028522135,0.1795054935711501,8,4,2,1.7586206896551724,1.3448275862068966,20.51702624673357,108.2253304718496,2.384185791015625e-07,593.191004037857,synthetic,-0.5596900888533933
::1|no-session,2026-04-07 20:48:20.872239700+00:00,2026-04-07 20:58:15.444177100+00:00,clean,30,2.2708295107001466,1.3682917167849196,0.0,8,5,1,2.310344827586207,1.3448275862068966,20.50248067451845,108.22798129769016,2.384185791015625e-07,593.191004037857,synthetic,-0.5414411834702613
::1|no-session,2026-04-07 20:48:21.090969800+00:00,2026-04-07 20:58:15.692625300+00:00,clean,30,2.45877114745467,1.5638272140986536,0.0,8,6,1,2.793103448275862,1.103448275862069,20.503505438678083,108.22778396383494,2.384185791015625e-07,593.191004037857,synthetic,-0.5286925089998713
::1|no-session,2026-04-07 20:48:21.300916100+00:00,2026-04-07 20:58:15.948817400+00:00,clean,30,2.513076909996102,1.7527755766846542,0.0,8,6,1,3.0689655172413794,0.7931034482758621,20.5051001136764,108.22748169631714,2.384185791015625e-07,593.191004037857,synthetic,-0.5397306383084314
::1|no-session,2026-04-07 20:48:21.477287+00:00,2026-04-07 20:58:16.937157400+00:00,clean,30,3.0630413353760377,1.4255603186895398,0.6000000000000001,11,6,2,3.2758620689655173,0.7931034482758621,20.533099054374432,108.2223066184474,2.384185791015625e-07,593.191004037857,synthetic,-0.5549326891543631
::1|no-session,2026-04-07 20:58:14.791148300+00:00,2026-04-07 20:58:17.289671500+00:00,clean,30,3.5364765892999586,1.4019827229875392,0.8844332774281067,11,6,2,3.034482758620689,0.7241379310344828,0.0861560425972774,0.1782245563119784,1e-06,0.9185702800750732,clean,-0.3574795384357889
::1|no-session,2026-04-07 20:58:14.984240700+00:00,2026-04-07 20:58:17.623288300+00:00,clean,30,3.636390151418482,1.3535960336164634,0.9910712498212336,13,5,2,3.034482758620689,0.5172413793103449,0.0910016848654911,0.1748534597374775,1e-06,0.9185702800750732,clean,-0.38064779412117783
::1|no-session,2026-04-07 20:58:15.449494800+00:00,2026-04-07 20:58:17.974232900+00:00,clean,30,3.940671121635107,1.406729856400613,0.9797958971132712,14,5,2,2.827586206896552,0.5172413793103449,0.0870599680465172,0.1702250029861343,1e-06,0.9185702800750732,clean,-0.3869743515621538
::1|no-session,2026-04-07 20:58:15.696650600+00:00,2026-04-07 20:58:18.202264400+00:00,clean,30,3.584689665786984,1.4772346537440226,0.8459051693633013,13,5,2,2.7241379310344827,0.7586206896551724,0.0864005104780526,0.1696153957376425,1e-06,0.9185702800750732,clean,-0.3747509624756189
::1|no-session,2026-04-07 20:58:16.005613200+00:00,2026-04-07 20:58:18.532197800+00:00,clean,30,2.3732303348436754,1.2472191289246473,0.4988876515698588,9,5,2,2.5517241379310347,0.8620689655172413,0.0871236422497979,0.1696985784684258,1e-06,0.9185702800750732,clean,-0.3551609209643733
::1|no-session,2026-04-07 20:58:16.937266100+00:00,2026-04-07 20:58:18.707850700+00:00,clean,30,2.2874051285730346,1.4715826703096075,0.0,9,6,1,2.586206896551724,0.9310344827586208,0.0610546408028438,0.0621684264310623,0.0012075901031494,0.3323979377746582,clean,-0.44386386070152806
::1|no-session,2026-04-07 20:58:17.335434200+00:00,2026-04-07 20:58:19.010275500+00:00,clean,30,2.499777767900357,1.6996731711975948,0.0,9,6,1,2.862068965517241,1.0,0.0577531518607304,0.040431041770092,0.0005328655242919,0.1704630851745605,clean,-0.40640910902270794
::1|no-session,2026-04-07 20:58:17.645240900+00:00,2026-04-07 20:58:19.143277+00:00,clean,30,2.9897974661988207,1.9720265943665387,0.1795054935711501,10,7,2,2.9655172413793105,1.2413793103448276,0.0516564270545696,0.0432466293849823,2.956390380859375e-05,0.1704630851745605,clean,-0.3567753408474657
::1|no-session,2026-04-07 20:58:17.988300800+00:00,2026-04-07 20:58:19.177465100+00:00,clean,30,5.989342386457984,2.5024432505497947,0.4,13,8,2,3.0,1.103448275862069,0.0410056689689899,0.042528054286942,2.956390380859375e-05,0.1704630851745605,clean,-0.35542811204441704
::1|no-session,2026-04-07 20:58:18.270966+00:00,2026-04-07 20:58:19.827314100+00:00,clean,30,6.44153190889662,2.7680719322702263,0.4818944098266987,15,9,2,2.7241379310344827,1.0,0.0536671753587393,0.0684685554073513,2.956390380859375e-05,0.3226621150970459,clean,-0.3791659210579843
::1|no-session,2026-04-07 20:58:18.566470300+00:00,2026-04-07 20:58:19.903671400+00:00,clean,30,6.177827737607739,2.089391192561976,0.4988876515698588,13,7,2,2.896551724137931,0.9655172413793104,0.0461103751741606,0.0678423507837921,2.956390380859375e-05,0.3226621150970459,clean,-0.3516376787637421
::1|no-session,2026-04-07 20:58:18.782958300+00:00,2026-04-07 20:58:20.157643300+00:00,clean,30,26.73784251248074,10.304475834423709,0.9122621455602672,16,9,3,5.344827586206897,1.896551724137931,0.0474029327261036,0.0778427698563795,2.956390380859375e-05,0.3226621150970459,clean,-0.4321513433613357
::1|no-session,2026-04-07 20:58:19.042575700+00:00,2026-04-07 20:58:20.544424400+00:00,clean,30,34.704402538518885,13.476893806314074,1.0561986345169905,16,8,3,5.068965517241379,1.793103448275862,0.0517878943476183,0.0967998750699437,1.0728836059570312e-05,0.3750977516174316,clean,-0.4165099295023507
::1|no-session,2026-04-07 20:58:19.145667500+00:00,2026-04-07 20:58:21.121661800+00:00,clean,30,36.29357151526057,14.278032855481957,0.9977753031397176,13,7,2,5.172413793103448,1.827586206896552,0.0681377279347386,0.1042257583662724,1.0728836059570312e-05,0.3750977516174316,clean,-0.3682770614080558
::1|no-session,2026-04-07 20:58:19.500127300+00:00,2026-04-07 20:58:21.596547900+00:00,clean,30,35.62764220221272,13.786668278529886,0.9637888196533972,13,7,2,5.275862068965517,2.0,0.0722903629829143,0.0950447893228813,1.0728836059570312e-05,0.3750977516174316,clean,-0.366449041257743
::1|no-session,2026-04-07 20:58:19.854474800+00:00,2026-04-07 20:58:22.254315600+00:00,clean,30,29.474452214304737,11.414464507807628,0.7999999999999999,12,7,2,5.413793103448276,2.034482758620689,0.0827531321295376,0.1099753001812758,1.0728836059570312e-05,0.3750977516174316,clean,-0.3592253419536065
::1|no-session,2026-04-07 20:58:19.907748+00:00,2026-04-07 21:00:58.101713800+00:00,clean,30,13.785862323409445,5.057996968497839,0.3590109871423002,8,6,2,5.275862068965517,2.034482758620689,5.454964341788457,28.36974684821177,1.0728836059570312e-05,155.5725076198578,clean,-0.45144572390049115
::1|no-session,2026-04-07 20:58:20.159510+00:00,2026-04-07 21:00:58.127001900+00:00,clean,30,2.0712315177207983,1.471582670309608,0.0,7,5,1,2.793103448275862,1.0,5.447154891902003,28.3712115522214,1.0728836059570312e-05,155.5725076198578,clean,-0.48466124127613336
::1|no-session,2026-04-07 20:58:20.554277400+00:00,2026-04-07 21:00:58.318331100+00:00,clean,30,9.000308636683275,3.714236873915765,0.1795054935711501,9,6,2,4.172413793103448,1.6206896551724137,5.440139786950473,28.372493156317574,8.940696716308594e-05,155.5725076198578,clean,-0.4565570591529887
::1|no-session,2026-04-07 20:58:21.162534700+00:00,2026-04-07 21:00:58.344996+00:00,clean,30,19.531171666509582,7.723269313502469,0.4,11,8,2,3.7586206896551726,1.4482758620689655,5.420084879316133,28.376264206979503,8.940696716308594e-05,155.5725076198578,clean,-0.4612144190021581
::1|no-session,2026-04-07 20:58:21.786747300+00:00,2026-04-07 21:00:59.099322500+00:00,clean,30,23.692943159421024,8.954266518754558,0.4818944098266987,12,8,2,3.5172413793103448,1.3448275862068966,5.42457155523629,28.375526144146104,8.940696716308594e-05,155.5725076198578,clean,-0.4698869174655999
::1|no-session,2026-04-07 20:58:22.336084200+00:00,2026-04-07 21:00:59.355321200+00:00,clean,30,29.432785951874976,10.925454478215338,0.8919392106839769,17,9,3,4.448275862068965,1.7241379310344829,5.414456449705979,28.37739209657675,7.152557373046875e-07,155.5725076198578,synthetic,-0.5560282272065713
::1|no-session,2026-04-07 21:00:58.103727200+00:00,2026-04-07 21:00:59.556809600+00:00,clean,30,32.43155185240995,11.62870012798794,1.145522685162639,19,10,3,4.517241379310345,1.896551724137931,0.0501062952238937,0.1040562658068292,7.152557373046875e-07,0.5178968906402588,clean,-0.4632342372347594
::1|no-session,2026-04-07 21:00:58.313962700+00:00,2026-04-07 21:00:59.735655800+00:00,clean,30,29.563190325508213,10.716809226630843,1.2754084313139329,15,11,4,4.655172413793103,2.206896551724138,0.0490238995387636,0.1013462073204072,7.152557373046875e-07,0.5178968906402588,clean,-0.49317250132911983
::1|no-session,2026-04-07 21:00:58.320365800+00:00,2026-04-07 21:00:59.750113400+00:00,clean,30,19.784084512557055,7.45087616026166,1.4966629547095769,15,9,3,3.034482758620689,1.4827586206896552,0.049301632519426,0.1012164610463892,7.152557373046875e-07,0.5178968906402588,clean,-0.43178248394176005
::1|no-session,2026-04-07 21:00:58.862893100+00:00,2026-04-07 21:00:59.942753300+00:00,clean,30,18.005061016898058,6.876691711054734,1.5260697523012796,17,10,3,3.206896551724138,1.5862068965517242,0.0372365589799552,0.0531048191720299,7.152557373046875e-07,0.1698546409606933,clean,-0.4644374263359276
::1|no-session,2026-04-07 21:00:59.256908800+00:00,2026-04-07 21:01:00.099414600+00:00,clean,30,12.317828091384005,4.4701478971307225,1.27758452644912,15,9,4,3.4827586206896552,1.5517241379310345,0.0290519204632989,0.0451216225428782,7.152557373046875e-07,0.1497492790222168,clean,-0.462902026641878
::1|no-session,2026-04-07 21:00:59.355848200+00:00,2026-04-07 21:01:00.119369200+00:00,clean,30,4.871230736568418,1.948218559493661,1.085766498326822,12,7,3,2.5517241379310347,1.0689655172413792,0.0263283170502761,0.0440410277669764,7.390975952148437e-06,0.1497492790222168,clean,-0.39475152572598676
::1|no-session,2026-04-07 21:00:59.584711500+00:00,2026-04-07 21:01:00.377533300+00:00,clean,30,3.827386691841952,1.2364824660660938,0.9285592184789412,10,6,3,2.4482758620689653,0.8620689655172413,0.0273386856605266,0.0499078193748994,7.390975952148437e-06,0.1920201778411865,clean,-0.39408891598415347
::1|no-session,2026-04-07 21:00:59.739517100+00:00,2026-04-07 21:01:01.301748600+00:00,clean,30,1.7499206331208916,0.9689627902499088,0.5,7,4,2,2.310344827586207,0.6551724137931034,0.0538700449055638,0.1653979037979846,7.390975952148437e-06,0.893451452255249,clean,-0.4057392444738216
::1|no-session,2026-04-07 21:00:59.899862400+00:00,2026-04-07 21:01:01.950780100+00:00,clean,30,3.5396170539888763,1.619670748434179,0.7118052168020874,10,6,3,2.4482758620689653,0.7241379310344828,0.0707212974285257,0.197338251548367,1.430511474609375e-06,0.893451452255249,clean,-0.37959720811709075
::1|no-session,2026-04-07 21:00:59.947712400+00:00,2026-04-07 21:01:02.221654600+00:00,clean,30,4.558752265941003,2.035517952102937,0.8825468196582484,10,8,3,2.689655172413793,0.6896551724137931,0.0784118273694268,0.1991273331630169,1e-06,0.893451452255249,clean,-0.3794487481522715
::1|no-session,2026-04-07 21:01:00.099429200+00:00,2026-04-07 21:01:02.526158+00:00,clean,30,4.958046210174147,2.213343373471204,0.9826268648655784,10,8,3,2.7586206896551726,1.0,0.0836803435811009,0.1979102456511429,1e-06,0.893451452255249,clean,-0.3814129429042744
::1|no-session,2026-04-07 21:01:00.128225300+00:00,2026-04-07 21:01:02.859909200+00:00,clean,30,4.913586605864736,1.8961950204437188,0.9637888196533972,10,8,2,2.689655172413793,1.103448275862069,0.0941960252096242,0.1958771900281957,1e-06,0.893451452255249,clean,-0.3588809956289578
::1|no-session,2026-04-07 21:01:00.394307300+00:00,2026-04-07 21:01:03.106068600+00:00,clean,30,4.240151988890125,1.556705923844749,0.8,11,6,2,2.896551724137931,1.3103448275862069,0.0935090344059385,0.1949209190101601,1e-06,0.893451452255249,clean,-0.35471466242623073
::1|no-session,2026-04-07 21:01:01.301991500+00:00,2026-04-07 21:01:03.262445700+00:00,clean,30,4.028233690672212,1.8571184369578824,0.4818944098266987,11,7,3,3.206896551724138,1.6551724137931034,0.0676019125503013,0.1233550994784791,1e-06,0.6475567817687988,clean,-0.37155919431571155
::1|no-session,2026-04-07 21:01:01.953377900+00:00,2026-04-07 21:01:03.531032200+00:00,clean,30,4.842405279289301,2.3619671650742498,0.4422166387140533,11,7,2,2.931034482758621,1.6896551724137931,0.0544019172463252,0.0678429154775597,1e-06,0.2544507980346679,clean,-0.3415135716681613
::1|no-session,2026-04-07 21:01:02.234917+00:00,2026-04-07 21:01:03.768682600+00:00,clean,30,5.0825409218443305,2.665833203084294,0.4955356249106168,12,8,2,2.586206896551724,1.793103448275862,0.0528884591727421,0.0661382300431984,4.839897155761719e-05,0.2544507980346679,clean,-0.355166367741556
::1|no-session,2026-04-07 21:01:02.560274800+00:00,2026-04-07 21:01:03.969541100+00:00,clean,30,4.996554368317787,2.6297443897754693,0.4898979485566356,12,8,2,2.206896551724138,1.6896551724137931,0.0485953955814756,0.0687816390700309,4.839897155761719e-05,0.2544507980346679,clean,-0.35524091326341156
::1|no-session,2026-04-07 21:01:02.870271100+00:00,2026-04-07 21:01:04.147995900+00:00,clean,30,4.558386654167118,2.10923893594085,0.4229525846816506,12,7,2,2.5172413793103448,1.5862068965517242,0.0440594821140683,0.0671920383533764,4.839897155761719e-05,0.2544507980346679,clean,-0.35074421495691027
::1|no-session,2026-04-07 21:01:03.130031900+00:00,2026-04-07 21:01:04.342882100+00:00,clean,30,3.248931448269655,1.5577761927397231,0.2494438257849294,9,5,2,3.103448275862069,1.5172413793103448,0.0418224252503493,0.0651228670121565,4.839897155761719e-05,0.2544507980346679,clean,-0.3643803198502463
::1|no-session,2026-04-07 21:01:03.263191200+00:00,2026-04-07 21:01:04.836867800+00:00,clean,30,7.269724127426632,3.798245208865097,0.3726779962499649,10,6,2,3.2413793103448274,1.4827586206896552,0.0542647098672801,0.1036312526418292,6.389617919921875e-05,0.4892385005950928,clean,-0.3518336955313303
::1|no-session,2026-04-07 21:01:03.536605200+00:00,2026-04-07 21:01:05.253511700+00:00,clean,30,9.13746865019702,4.674279504788828,0.4714045207910317,12,8,2,3.4482758620689653,1.6551724137931034,0.0592036740533236,0.1021157366691433,6.389617919921875e-05,0.4892385005950928,clean,-0.35482054395159573
::1|no-session,2026-04-07 21:01:03.777826200+00:00,2026-04-07 21:01:05.585444800+00:00,clean,30,9.60098374589234,4.991548412622636,0.5,14,8,2,3.793103448275862,1.6896551724137931,0.0623316764831543,0.0983174309562156,6.389617919921875e-05,0.4892385005950928,clean,-0.3673406579837798
::1|no-session,2026-04-07 21:01:03.972295500+00:00,2026-04-07 21:01:05.772624600+00:00,clean,30,9.017328996006643,4.712277109376693,0.4714045207910317,11,8,2,3.7586206896551726,1.5517241379310345,0.0620803175301387,0.0956165039961434,6.389617919921875e-05,0.4892385005950928,clean,-0.3551977462268428
::1|no-session,2026-04-07 21:01:04.164175900+00:00,2026-04-07 21:01:05.997121100+00:00,clean,30,7.081195755896975,3.887872883152888,0.3726779962499649,9,7,2,3.689655172413793,1.5862068965517242,0.0632050037384033,0.098168266933054,6.389617919921875e-05,0.4892385005950928,clean,-0.35496456976284363
::1|no-session,2026-04-07 21:01:04.832120600+00:00,2026-04-07 21:01:06.363369800+00:00,clean,30,10.163114133418404,5.350077881053073,0.2494438257849294,8,6,2,3.724137931034482,2.034482758620689,0.0528017257353684,0.0605221981276853,1e-06,0.2146503925323486,clean,-0.35769631674677027
::1|no-session,2026-04-07 21:01:04.838751200+00:00,2026-04-07 21:01:06.776016+00:00,clean,30,16.967288790165885,9.091204540653566,0.4229525846816507,12,7,2,3.793103448275862,2.034482758620689,0.0668022911187533,0.086092390049158,1e-06,0.3964869976043701,clean,-0.3425894392979511
::1|no-session,2026-04-07 21:01:05.263105400+00:00,2026-04-07 21:01:06.989864500+00:00,clean,30,19.650162566474837,10.447806787391633,0.4898979485566356,12,8,2,3.7586206896551726,1.862068965517241,0.0595434812727303,0.0811559305556435,1e-06,0.3964869976043701,clean,-0.34368696276372057
::1|no-session,2026-04-07 21:01:05.593040900+00:00,2026-04-07 21:01:07.286522300+00:00,clean,30,19.977320474311195,10.531223417374957,0.4955356249106168,13,8,2,3.724137931034482,1.9310344827586208,0.0583959808728448,0.0812510220947802,1e-06,0.3964869976043701,clean,-0.3454234482479188
::1|no-session,2026-04-07 21:01:05.787656900+00:00,2026-04-07 21:01:07.571103700+00:00,clean,30,17.626369135159084,9.259229629582222,0.4422166387140532,13,8,2,3.793103448275862,1.9310344827586208,0.0614982340961324,0.0831977614777151,1e-06,0.3964869976043701,clean,-0.3454053721076562
::1|no-session,2026-04-07 21:01:06.121769600+00:00,2026-04-07 21:01:07.905788200+00:00,clean,30,11.48428878463481,6.4533367768585865,0.2999999999999999,9,6,2,3.4482758620689653,2.034482758620689,0.0615179570675554,0.0872937360925619,1e-06,0.3964869976043701,clean,-0.3496049200186293
::1|no-session,2026-04-07 21:01:06.371965300+00:00,2026-04-07 21:01:12.385584800+00:00,clean,30,81.94743572694769,43.44017597672561,0.6798692684790381,10,6,2,10.724137931034482,5.655172413793103,0.207366229701075,0.8066144622462177,1e-06,4.450827121734619,clean,-0.3831021731888686
::1|no-session,2026-04-07 21:01:06.787170600+00:00,2026-04-07 21:01:12.970362800+00:00,clean,30,110.53524324847707,58.84915745644396,0.916515138991168,11,7,2,10.620689655172416,5.689655172413793,0.2132135604521652,0.8069357171375926,1e-06,4.450827121734619,clean,-0.3853565922390889
::1|no-session,2026-04-07 21:01:07.053484+00:00,2026-04-07 21:01:13.291808400+00:00,clean,30,120.31811538122136,64.13406964234291,0.9977753031397176,13,8,2,10.724137931034482,5.689655172413793,0.2151146773165999,0.8065700855015262,1e-06,4.450827121734619,clean,-0.3918095795262717
::1|no-session,2026-04-07 21:01:07.289716800+00:00,2026-04-07 21:01:13.613232200+00:00,clean,30,116.20719522569256,61.87654375178583,0.9637888196533974,13,8,2,10.827586206896552,5.620689655172414,0.2180522901790224,0.8060264396217387,1e-06,4.450827121734619,clean,-0.3890579329661649
::1|no-session,2026-04-07 21:01:07.574600900+00:00,2026-04-07 21:01:14.065273600+00:00,clean,30,320.0594823188687,169.316734750782,1.0770329614269007,12,10,3,43.82758620689656,22.96551724137931,0.2238163651154616,0.8055431817590392,1e-06,4.450827121734619,clean,-0.4581976334687409
::1|no-session,2026-04-07 21:01:07.931638100+00:00,2026-04-07 21:01:14.522402300+00:00,clean,30,433.79748987542814,229.4022570847017,0.9910712498212336,13,8,3,43.72413793103448,22.89655172413793,0.2272678029011693,0.8073291132218685,1e-06,4.450827121734619,clean,-0.4286376876736314
::1|no-session,2026-04-07 21:01:12.390042700+00:00,2026-04-07 21:01:14.929688200+00:00,clean,30,477.9848916719718,252.85280962119708,0.9910712498212336,13,7,2,35.96551724137931,18.517241379310345,0.0875740576498097,0.1199495808448867,1e-06,0.4876089096069336,clean,-0.37634223431113956
::1|no-session,2026-04-07 21:01:13.031339700+00:00,2026-04-07 21:01:15.170334200+00:00,clean,30,472.674401676249,250.17632892732988,0.9797958971132712,13,7,2,36.206896551724135,18.48275862068965,0.0737584557558257,0.0936427540646348,1e-06,0.4419429302215576,clean,-0.37743440195717487
::1|no-session,2026-04-07 21:01:13.322547300+00:00,2026-04-07 21:01:16.315195800+00:00,clean,30,555.1544289654906,293.7590112093018,0.916515138991168,14,7,3,80.24137931034483,41.72413793103448,0.1031948138459304,0.171650822113058,1e-06,0.8399412631988525,clean,-0.40357056259506324
::1|no-session,2026-04-07 21:01:13.735244600+00:00,2026-04-07 21:01:16.763552100+00:00,clean,30,626.1551955297416,331.47750887336065,0.7,12,7,3,79.6896551724138,41.72413793103448,0.1044244288929906,0.185086811785421,1e-06,0.8399412631988525,clean,-0.3951545161270969
::1|no-session,2026-04-07 21:01:14.065281600+00:00,2026-04-07 21:01:17.056493500+00:00,clean,30,629.9433096186777,333.3087057568904,0.4898979485566356,12,7,2,46.58620689655172,24.48275862068965,0.1031452376267005,0.1849540595957503,9.5367431640625e-06,0.8399412631988525,clean,-0.36150673151569274
::1|no-session,2026-04-07 21:01:14.545458+00:00,2026-04-07 21:01:17.532192800+00:00,clean,30,637.0283475290213,337.09340776045383,0.4955356249106168,12,7,2,46.310344827586206,24.620689655172413,0.1029908574860671,0.1713049656516099,9.5367431640625e-06,0.8399412631988525,clean,-0.3613171245777501
::1|no-session,2026-04-07 21:01:14.941829600+00:00,2026-04-07 21:01:17.545652600+00:00,clean,30,1238.8364294324288,656.1565328148121,0.6506407098647712,15,11,3,134.55172413793105,71.55172413793103,0.0897869899355132,0.1737366198943083,9.5367431640625e-07,0.8399412631988525,clean,-0.44327617702432676
::1|no-session,2026-04-07 21:01:15.442976900+00:00,2026-04-07 21:01:18.051129500+00:00,clean,30,1355.8739407973492,718.1944807795603,0.6155395104206463,15,11,3,134.41379310344828,71.72413793103448,0.0899362975153429,0.1825081116847556,9.5367431640625e-07,0.8399412631988525,clean,-0.4443219210668008
::1|no-session,2026-04-07 21:01:16.315237200+00:00,2026-04-07 21:01:18.681666900+00:00,clean,30,1286.0342837144306,681.1674528989835,0.5,12,8,2,90.3103448275862,48.310344827586206,0.0816010277846763,0.1261604428269331,9.5367431640625e-07,0.4432401657104492,clean,-0.36420133606263067
::1|no-session,2026-04-07 21:01:16.778904400+00:00,2026-04-07 21:01:19.031720500+00:00,clean,30,1212.783758777943,642.2188455312998,0.4714045207910317,12,8,2,90.58620689655172,48.310344827586206,0.0776833090288885,0.1059539535959765,9.5367431640625e-07,0.4275791645050049,clean,-0.3650534593876357
::1|no-session,2026-04-07 21:01:17.119186300+00:00,2026-04-07 21:01:19.331666200+00:00,clean,30,959.0065693205652,507.6034990248021,0.3726779962499649,10,7,2,90.89655172413794,48.27586206896552,0.0762924161450616,0.1037649615508089,9.5367431640625e-07,0.4275791645050049,clean,-0.36623195722135204
::1|no-session,2026-04-07 21:01:17.545615200+00:00,2026-04-07 21:01:19.777206900+00:00,clean,30,1.9405039437103848,1.2472191289246473,0.0,7,5,1,2.586206896551724,1.2758620689655171,0.0769514724657782,0.1066672993124239,9.5367431640625e-07,0.4275791645050049,clean,-0.38157441847506524
::1|no-session,2026-04-07 21:01:17.545654700+00:00,2026-04-07 21:01:20.100779200+00:00,clean,30,1.9947152400502908,1.4590712418826193,0.0,7,5,1,2.689655172413793,1.0,0.088107776595017,0.107877125876361,1e-06,0.4275791645050049,clean,-0.3790932337392986
::1|no-session,2026-04-07 21:01:18.427383400+00:00,2026-04-07 21:01:20.942819500+00:00,clean,30,2.042873792805942,1.686877457183999,0.0,8,6,1,2.7241379310344827,0.896551724137931,0.0867392210656527,0.1572365241431916,1e-06,0.8363590240478516,clean,-0.3618223182420333
::1|no-session,2026-04-07 21:01:18.718905+00:00,2026-04-07 21:01:21.452097600+00:00,clean,30,2.2708295107001466,1.8138357147217048,0.0,8,6,1,3.0689655172413794,0.9310344827586208,0.0942480580091805,0.167468355829994,1e-06,0.8363590240478516,clean,-0.36412743462093033
::1|no-session,2026-04-07 21:01:19.036570800+00:00,2026-04-07 21:01:23.370728400+00:00,clean,30,1283.9252769015286,680.0123887760346,0.2494438257849294,11,8,2,179.93103448275863,94.82758620689656,0.1494537829416209,0.3395039138998816,1e-06,1.7076876163482666,clean,-0.3784826939033863
::1|no-session,2026-04-07 21:01:19.441275300+00:00,2026-04-07 21:01:23.761334900+00:00,clean,30,2176.499503535181,1152.8851903907096,0.4229525846816507,13,8,2,179.79310344827587,94.72413793103448,0.1489676737202611,0.344417942299834,1e-06,1.7076876163482666,clean,-0.3716626806642915
::1|no-session,2026-04-07 21:01:19.777230800+00:00,2026-04-07 21:01:24.056935300+00:00,clean,30,2521.138384848312,1335.2308085953614,0.4898979485566356,15,8,2,179.44827586206895,94.79310344827586,0.1475760886472504,0.3433957880727812,1e-06,1.7076876163482666,clean,-0.392501542620623
::1|no-session,2026-04-07 21:01:20.937138400+00:00,2026-04-07 21:01:24.309469900+00:00,clean,30,2549.7514190385086,1350.4739781112244,0.4955356249106168,14,8,2,179.17241379310346,94.93103448275862,0.1162873661814722,0.3179183324858129,1e-06,1.7076876163482666,clean,-0.37493264641597174
::1|no-session,2026-04-07 21:01:20.942847800+00:00,2026-04-07 21:01:24.703740600+00:00,clean,30,2275.185596580835,1205.1664154335238,0.4422166387140533,11,8,2,179.20689655172413,94.93103448275862,0.1296860299324825,0.3169869140368207,1e-06,1.7076876163482666,clean,-0.3669085372074762
::1|no-session,2026-04-07 21:01:21.663035900+00:00,2026-04-07 21:01:25.214828600+00:00,clean,30,1542.9344423316677,817.6451933584776,0.2999999999999999,8,7,2,178.82758620689654,94.89655172413794,0.1224756766073292,0.3143450571012182,1e-06,1.7076876163482666,clean,-0.3857626610745376
::1|no-session,2026-04-07 21:01:23.370728400+00:00,2026-04-07 21:01:25.371061700+00:00,clean,30,2.362907813126304,1.1474609652039005,0.0,8,4,1,1.6896551724137931,1.0344827586206895,0.068977010661158,0.0934942779982782,5.364418029785156e-05,0.3843286037445068,clean,-0.4041986407238395
::1|no-session,2026-04-07 21:01:23.772454900+00:00,2026-04-07 21:01:26.045325600+00:00,clean,30,1848.128562146644,978.4046788295504,0.1795054935711501,10,5,2,356.3793103448276,189.1379310344828,0.0783748462282378,0.1013499381098295,0.002603530883789,0.4278392791748047,synthetic,-0.5335787165538514
::1|no-session,2026-04-07 21:01:24.063714300+00:00,2026-04-07 21:01:26.054166200+00:00,clean,30,4118.417457659623,2179.783581510381,0.4,12,7,2,356.2413793103448,189.0344827586207,0.0686363121090593,0.1038868325807063,1e-06,0.4278392791748047,clean,-0.3642679902517019
::1|no-session,2026-04-07 21:01:24.335977600+00:00,2026-04-07 21:01:26.732892800+00:00,clean,30,4960.960583619087,2626.1218631282136,0.4818944098266987,13,8,2,356.0689655172414,189.20689655172413,0.082652282668015,0.1109831757768635,1e-06,0.4278392791748047,clean,-0.3596937999646931
::1|no-session,2026-04-07 21:01:24.706344200+00:00,2026-04-07 21:01:27.069639300+00:00,clean,30,5135.759327175161,2718.741943742853,0.4988876515698588,14,8,2,356.3448275862069,189.31034482758625,0.0814929764377988,0.1064819903586983,1e-06,0.4278392791748047,clean,-0.3660564624269582
::1|no-session,2026-04-07 21:01:25.224420100+00:00,2026-04-07 21:01:27.150086800+00:00,clean,30,4717.129334669551,2497.4239619166697,0.4582575694955841,10,8,2,356.6551724137931,189.20689655172413,0.0664023382442079,0.1010332727068653,1e-06,0.4278392791748047,clean,-0.36302488185828363
::1|no-session,2026-04-07 21:01:25.592517100+00:00,2026-04-07 21:01:27.453282+00:00,clean,30,3498.607779611135,1852.6440759687823,0.339934634239519,8,8,2,356.7586206896552,189.31034482758625,0.0641643441488331,0.0997813403361189,1e-06,0.4278392791748047,clean,-0.3826875295368404
::1|no-session,2026-04-07 21:01:26.045408+00:00,2026-04-07 21:01:29.366165600+00:00,clean,30,2.0925794820959345,1.2631530214330944,0.0,8,5,1,2.206896551724138,1.4827586206896552,0.1145089444506415,0.3055951019916967,1e-06,1.6783833503723145,clean,-0.3709815047647437
::1|no-session,2026-04-07 21:01:26.338493700+00:00,2026-04-07 21:01:29.799689+00:00,clean,30,2.249938270758161,1.468559384794046,0.0,8,5,1,2.7241379310344827,1.5172413793103448,0.1193516023759513,0.3047847864067849,1e-06,1.6783833503723145,clean,-0.37184118989085224
::1|no-session,2026-04-07 21:01:26.738176300+00:00,2026-04-07 21:01:29.846605700+00:00,clean,30,6999.077932048542,3705.176653308479,0.339934634239519,11,8,2,712.4827586206897,377.2413793103448,0.1071872562729408,0.3060820758984205,1e-06,1.6783833503723145,clean,-0.37812305976851224
::1|no-session,2026-04-07 21:01:27.100937+00:00,2026-04-07 21:01:30.278126600+00:00,clean,30,9435.472655475309,4995.204096486505,0.458257569495584,14,9,2,712.4827586206897,377.1724137931034,0.1095582961567845,0.3104913721149752,1e-06,1.6783833503723145,clean,-0.3880882955217204
::1|no-session,2026-04-07 21:01:27.339010700+00:00,2026-04-07 21:01:30.603219200+00:00,clean,30,10272.208316077362,5438.276456950513,0.4988876515698588,14,9,2,712.4827586206897,377.3103448275862,0.1125589501800537,0.3094223070935601,1e-06,1.6783833503723145,clean,-0.38843862105836385
::1|no-session,2026-04-07 21:01:27.668868800+00:00,2026-04-07 21:01:30.973352400+00:00,clean,30,9921.70114608489,5253.35935653453,0.4818944098266987,14,9,2,712.6896551724138,377.2413793103448,0.1139477466246506,0.307930378186361,1e-06,1.6783833503723145,clean,-0.3869501122086865
::1|no-session,2026-04-07 21:01:29.366333400+00:00,2026-04-07 21:01:31.235147100+00:00,clean,30,8235.516917527939,4360.600145876967,0.4000000000000001,12,7,2,712.6551724137931,377.1034482758621,0.0644418453348094,0.084492619905493,0.0004594326019287,0.370471715927124,clean,-0.43247182086265884
::1|no-session,2026-04-07 21:01:29.830230400+00:00,2026-04-07 21:01:31.529737400+00:00,clean,30,3695.2759061025768,1956.69683792752,0.1795054935711501,9,5,2,712.1379310344828,376.9655172413793,0.0586036895883494,0.0718585820754249,0.002223253250122,0.370471715927124,synthetic,-0.5339145440265994
::1|no-session,2026-04-07 21:01:29.854003500+00:00,2026-04-07 21:01:32.871122200+00:00,clean,30,5136.895227988724,2718.964642816984,0.2494438257849294,9,6,2,712.2068965517242,377.13793103448273,0.1040385755999334,0.1931576608965848,4.9591064453125e-05,1.04976224899292,clean,-0.4054173015581954
::1|no-session,2026-04-07 21:01:30.280349800+00:00,2026-04-07 21:01:33.465868700+00:00,clean,30,7000.182785629403,3705.326912552911,0.339934634239519,9,8,2,1421.6896551724135,753.0344827586207,0.1098455165526291,0.2080413077680302,1e-06,1.04976224899292,clean,-0.40992053826441427
::1|no-session,2026-04-07 21:01:30.698223100+00:00,2026-04-07 21:01:33.643268500+00:00,clean,30,6999.790489642451,3705.300774116275,0.339934634239519,9,8,2,1421.103448275862,753.0344827586207,0.1015533265928071,0.2108856897965004,1e-06,1.04976224899292,clean,-0.40952954065500635
::1|no-session,2026-04-07 21:01:31.027140200+00:00,2026-04-07 21:01:36.077605700+00:00,clean,30,6999.450607408809,3705.274625299573,0.339934634239519,10,8,2,1420.7586206896551,753.1724137931035,0.1741540201310782,0.4237361621869888,1e-06,2.110664129257202,clean,-0.41628820980602527
::1|no-session,2026-04-07 21:01:31.282085100+00:00,2026-04-07 21:01:36.813294500+00:00,clean,30,8235.950233309786,4360.20013824544,0.4,9,8,2,2130.2758620689656,1129.1379310344828,0.1907314299600535,0.4375474309429605,1e-06,2.110664129257202,clean,-0.45767735836600587
::1|no-session,2026-04-07 21:01:31.537020900+00:00,2026-04-07 21:01:36.834209900+00:00,clean,30,12102.280114874588,6407.755639327496,0.7187952884282609,8,10,3,2484.9310344827586,1317.0689655172414,0.1826617503051757,0.4402032896910107,1e-06,2.110664129257202,synthetic,-0.5511034947383047
::1|no-session,2026-04-07 21:01:32.871436700+00:00,2026-04-07 21:01:37.076942300+00:00,clean,30,13983.87012116301,7404.375250185228,0.8825468196582487,10,11,3,1775.3103448275865,941.0,0.1450175037762872,0.4095977433957347,1e-06,2.110664129257202,clean,-0.5186775688419422
::1|no-session,2026-04-07 21:01:33.465885200+00:00,2026-04-07 21:01:37.177847700+00:00,clean,30,14701.634027284934,7784.768512650557,0.9480975102218594,11,11,3,1065.7241379310344,565.1379310344828,0.1279988517203495,0.4008901327098277,1e-06,2.110664129257202,clean,-0.47807130963065997
::1|no-session,2026-04-07 21:01:33.651877+00:00,2026-04-07 21:01:37.465732600+00:00,clean,30,13380.684727579855,7085.630843396296,0.8749603165604457,10,11,3,1066.1379310344828,565.0689655172414,0.131512393435248,0.3993478564474408,1e-06,2.110664129257202,clean,-0.47292962009755307
::1|no-session,2026-04-07 21:01:36.077605700+00:00,2026-04-07 21:01:37.659592800+00:00,clean,30,9433.26861815258,4995.480439579583,0.6403124237432848,9,10,3,1066.655172413793,564.7586206896551,0.0545513760049754,0.1346800216946638,1e-06,0.7335340976715088,clean,-0.4556917921478109
::1|no-session,2026-04-07 21:01:36.814130400+00:00,2026-04-07 21:01:39.163255500+00:00,clean,30,1847.0879194619356,978.577893339786,0.1795054935711501,9,5,2,357.2413793103448,188.7586206896552,0.0810044106361126,0.252522589124086,1e-06,1.399496078491211,clean,-0.39483454756408515
::1|no-session,2026-04-07 21:01:36.835870900+00:00,2026-04-07 21:01:39.999781500+00:00,clean,30,2.340227909129081,1.299572579307862,0.0,8,5,1,2.4482758620689653,0.9310344827586208,0.109100599618846,0.2873107600770044,1e-06,1.399496078491211,clean,-0.36478768473292994
::1|no-session,2026-04-07 21:01:37.076942300+00:00,2026-04-07 21:01:40.319446600+00:00,clean,30,2.4369835635245654,1.505545305418162,0.0,9,5,1,2.5172413793103448,0.9310344827586208,0.1118107282714843,0.2902587660416513,1e-06,1.399496078491211,clean,-0.36571521484102887
::1|no-session,2026-04-07 21:01:37.222850300+00:00,2026-04-07 21:01:41.583204+00:00,clean,30,2.683281572999748,1.5260697523012796,0.0,10,5,1,2.3793103448275863,1.137931034482759,0.1503571968368004,0.3364860349260418,1e-06,1.399496078491211,clean,-0.37041478368934494
::1|no-session,2026-04-07 21:01:37.471117800+00:00,2026-04-07 21:01:46.779252300+00:00,clean,30,7703.529579499401,4078.4870103180815,0.4988876515698588,12,7,2,1066.655172413793,564.7931034482758,0.3209703639936775,0.981153894642358,1e-06,5.194606065750122,clean,-0.42624970284564656
::1|no-session,2026-04-07 21:01:37.738851800+00:00,2026-04-07 21:01:46.949163100+00:00,clean,30,13061.87933474948,6915.487673090501,0.8459051693633014,12,8,2,1066.344827586207,564.9655172413793,0.3175971439445758,0.9824427348114982,1e-06,5.194606065750122,clean,-0.43985477871687073
::1|no-session,2026-04-07 21:01:39.163255500+00:00,2026-04-07 21:01:46.974217300+00:00,clean,30,15128.878871622386,8010.049296283318,0.9797958971132712,14,8,2,1066.1724137931035,565.0,0.2693436801147461,0.9622725260941648,1e-06,5.194606065750122,clean,-0.4564133983542004
::1|no-session,2026-04-07 21:01:39.999815500+00:00,2026-04-07 21:01:47.423201600+00:00,clean,30,15303.220991528404,8102.236269080285,0.9910712498212336,13,9,2,1066.1724137931035,565.2068965517242,0.2559788998949774,0.9544065421419976,1e-06,5.194606065750122,clean,-0.45513797226533054
::1|no-session,2026-04-07 21:01:40.341089900+00:00,2026-04-07 21:01:47.695911400+00:00,clean,30,13655.790625062891,7230.176802510125,0.8844332774281065,9,9,2,1065.8620689655172,565.2758620689655,0.2536145752405627,0.9536133632508036,1e-06,5.194606065750122,clean,-0.4569495456972814
::1|no-session,2026-04-07 21:01:41.583204+00:00,2026-04-07 21:01:47.838168700+00:00,clean,30,9263.989088520248,4904.8334511309695,0.5999999999999999,8,7,2,1066.2068965517242,565.0344827586207,0.2156884341404356,0.9423596443259308,2.264976501464844e-05,5.194606065750122,clean,-0.45048578156824026
::1|no-session,2026-04-07 21:01:46.779460800+00:00,2026-04-07 21:01:48.777293500+00:00,clean,30,2.362907813126304,1.1474609652039005,0.0,8,4,1,1.5517241379310345,1.3793103448275863,0.0688908543143436,0.1705717385487334,1e-06,0.9289114475250244,clean,-0.39807017243449183
::1|no-session,2026-04-07 21:01:46.956810300+00:00,2026-04-07 21:01:49.426356800+00:00,clean,30,2.7968235951204043,1.251221625274897,0.0,9,5,1,1.4137931034482758,1.4482758620689655,0.0851568467749233,0.1843291951240122,1e-06,0.9289114475250244,clean,-0.3695718571693232
::1|no-session,2026-04-07 21:01:47.128669400+00:00,2026-04-07 21:01:49.427140100+00:00,clean,30,2.862788073811185,1.3349989596333856,0.0,10,5,1,1.4482758620689655,1.3793103448275863,0.079257672314874,0.1847195457434976,2.384185791015625e-07,0.9289114475250244,clean,-0.3704568090339271
::1|no-session,2026-04-07 21:01:47.434751600+00:00,2026-04-07 21:01:49.976657400+00:00,clean,30,2.5623340054636814,1.2310790208412925,0.0,10,5,1,1.4827586206896552,1.1724137931034482,0.087651995861185,0.1900867355381383,2.384185791015625e-07,0.9289114475250244,clean,-0.366390490700721
::1|no-session,2026-04-07 21:01:47.723330500+00:00,2026-04-07 21:01:50.664241200+00:00,clean,30,2.9674156357941426,1.2578641509408806,0.0,11,5,1,1.3103448275862069,1.3103448275862069,0.1014108475094499,0.2214006724787842,2.384185791015625e-07,0.9289114475250244,clean,-0.3807259018704204
::1|no-session,2026-04-07 21:01:47.848369300+00:00,2026-04-07 21:01:51.682253800+00:00,clean,30,2.2874051285730346,1.5260697523012796,0.0,10,6,1,1.137931034482759,1.3793103448275863,0.1322031199177709,0.2453210810159017,2.384185791015625e-07,0.9289114475250244,clean,-0.37133728351489353
::1|no-session,2026-04-07 21:01:48.778183200+00:00,2026-04-07 21:01:51.685197700+00:00,clean,30,2.6095976701399777,1.8633899812498247,0.0,10,6,1,1.2413793103448276,1.206896551724138,0.1002420209787302,0.1945697713753297,2.384185791015625e-07,0.6875736713409424,clean,-0.36474619952118087
::1|no-session,2026-04-07 21:01:49.426357100+00:00,2026-04-07 21:01:52.098300100+00:00,clean,30,3.3,1.9621416870348585,0.0,11,6,1,1.6206896551724137,1.2758620689655171,0.0921361099211594,0.1810015708133114,9.5367431640625e-07,0.6875736713409424,clean,-0.3719955346053922
::1|no-session,2026-04-07 21:01:49.593601500+00:00,2026-04-07 21:01:52.915552400+00:00,clean,30,3.700450423034111,1.9310331143946984,0.0,11,7,1,1.4137931034482758,1.3103448275862069,0.1145501776170401,0.2180160665507021,9.5367431640625e-07,0.767601490020752,clean,-0.3784152671401656
::1|no-session,2026-04-07 21:01:49.976657400+00:00,2026-04-07 21:01:53.184794200+00:00,clean,30,3.837823457233135,1.7688665548562132,0.0,12,7,1,1.862068965517241,1.103448275862069,0.1106255102396997,0.216725169090357,9.5367431640625e-07,0.767601490020752,clean,-0.381758822448456
::1|no-session,2026-04-07 21:01:50.664241200+00:00,2026-04-07 21:01:53.530564500+00:00,clean,30,3.273462319250912,1.6599866130651644,0.0,12,8,1,2.2758620689655173,1.0344827586206895,0.0988388438299771,0.1894019318210357,1e-06,0.767601490020752,clean,-0.3863654081889961
::1|no-session,2026-04-07 21:01:51.683489400+00:00,2026-04-07 21:01:53.957268+00:00,clean,30,2.230097157823697,1.369914839202301,0.0,9,6,1,2.5517241379310347,0.896551724137931,0.0784062647236791,0.1522136959005824,1e-06,0.767601490020752,clean,-0.35829063058125804
::1|no-session,2026-04-07 21:01:51.852919400+00:00,2026-04-07 21:01:54.591364400+00:00,clean,30,2.252159457547849,1.569146972791976,0.0,9,7,1,2.5172413793103448,0.9655172413793104,0.0944292428815118,0.1608682544305825,1e-06,0.767601490020752,clean,-0.36433525337604256
::1|no-session,2026-04-07 21:01:52.124721800+00:00,2026-04-07 21:01:55.299040800+00:00,clean,30,22176.808232450603,11737.567198056371,0.3590109871423003,9,7,2,4262.517241379311,2255.5172413793102,0.1094593720839928,0.1750564549159658,1e-06,0.767601490020752,synthetic,-0.5640682644525825
::1|no-session,2026-04-07 21:01:52.915560400+00:00,2026-04-07 21:01:55.307880100+00:00,clean,30,49417.53337897615,26155.650027479725,0.8,11,8,2,4262.413793103448,2255.4827586206898,0.0824938854917329,0.1244545184225757,9.5367431640625e-07,0.3960075378417969,synthetic,-0.58883689158091
::1|no-session,2026-04-07 21:01:53.202316200+00:00,2026-04-07 21:01:55.723728200+00:00,clean,30,59534.74797221834,31510.911775111952,0.9637888196533976,14,9,2,4262.068965517241,2255.5172413793102,0.0869453412328259,0.1288066829895572,9.5367431640625e-07,0.3960075378417969,synthetic,-0.6246451922608243
::1|no-session,2026-04-07 21:01:53.530564500+00:00,2026-04-07 21:01:56.066206100+00:00,clean,30,61634.08162506809,32622.094284293475,0.9977753031397176,15,8,2,4262.310344827586,2255.586206896552,0.0874359196630017,0.123922550392789,9.5367431640625e-07,0.3960075378417969,synthetic,-0.6259641667689927
::1|no-session,2026-04-07 21:01:54.107333500+00:00,2026-04-07 21:01:56.452612800+00:00,clean,30,56614.4931202446,29965.506127991008,0.9165151389911682,14,7,2,4262.206896551724,2255.620689655173,0.0808717053512047,0.123059794336214,9.5367431640625e-07,0.3960075378417969,synthetic,-0.6048328362772076
::1|no-session,2026-04-07 21:01:54.591368100+00:00,2026-04-07 21:01:56.819268300+00:00,clean,30,41996.65569898261,22228.50879898754,0.679869268479038,11,5,2,4262.310344827586,2255.7241379310344,0.0768241471257703,0.1068090171592789,9.5367431640625e-07,0.3875362873077392,synthetic,-0.6177222700101875
::1|no-session,2026-04-07 21:01:55.299041900+00:00,2026-04-07 21:01:57.231453300+00:00,clean,30,2.2744962812309306,1.116044602852214,0.0,8,4,1,2.310344827586207,1.103448275862069,0.0666348769746977,0.0765457105061307,1.811981201171875e-05,0.3416256904602051,clean,-0.40161425837715814
::1|no-session,2026-04-07 21:01:55.649505800+00:00,2026-04-07 21:01:58.944348800+00:00,clean,30,27997.657219131743,14818.77055482899,0.339934634239519,10,6,2,2842.0689655172414,1504.344827586207,0.1136152662079909,0.3061378517122198,2.384185791015625e-07,1.7059478759765625,clean,-0.5262131723594509
::1|no-session,2026-04-07 21:01:55.863958500+00:00,2026-04-07 21:01:59.404002500+00:00,clean,30,37743.09729361854,19976.56767081539,0.458257569495584,12,7,2,2842.0,1504.2068965517242,0.1220704851479365,0.3080841931292374,2.384185791015625e-07,1.7059478759765625,synthetic,-0.529523168112436
::1|no-session,2026-04-07 21:01:56.132501800+00:00,2026-04-07 21:01:59.837361200+00:00,clean,30,41089.38036401728,21747.75106952952,0.4988876515698588,12,8,2,2842.0,1504.2068965517242,0.1277537674739443,0.3065341131560843,2.384185791015625e-07,1.7059478759765625,synthetic,-0.5361873031933438
::1|no-session,2026-04-07 21:01:56.532244800+00:00,2026-04-07 21:02:00.077044600+00:00,clean,30,39689.86814094443,21006.87026252761,0.4818944098266987,13,8,2,2841.8275862068967,1504.344827586207,0.1222344760237068,0.306854993536128,2.384185791015625e-07,1.7059478759765625,synthetic,-0.5318968783275928
::1|no-session,2026-04-07 21:01:56.870430100+00:00,2026-04-07 21:02:00.435128200+00:00,clean,30,32943.98338440909,17436.78336483602,0.4000000000000001,10,8,2,2842.310344827586,1504.3793103448277,0.1229206200303702,0.3067734781981214,2.384185791015625e-07,1.7059478759765625,clean,-0.5215546113209918
::1|no-session,2026-04-07 21:01:57.238373800+00:00,2026-04-07 21:02:00.522002800+00:00,clean,30,18416.33050022,9747.318518386935,0.3144660377352201,10,7,3,4262.379310344828,2256.0689655172414,0.1132286104194378,0.3084183845980374,2.384185791015625e-07,1.7059478759765625,synthetic,-0.5887566329115381
::1|no-session,2026-04-07 21:01:58.947513+00:00,2026-04-07 21:02:00.751341700+00:00,clean,30,17417.89946900091,9219.052884591176,0.4229525846816507,10,7,2,1422.5862068965516,752.8620689655172,0.062201024699244,0.0734904398824841,1e-06,0.319831371307373,clean,-0.43622882872078156
::1|no-session,2026-04-07 21:01:59.535890800+00:00,2026-04-07 21:02:00.815164800+00:00,clean,30,20174.59637875205,10678.169551264657,0.4898979485566357,11,7,2,1422.4827586206898,752.9655172413793,0.0441129470225367,0.0532145588521351,1e-06,0.2207658290863037,clean,-0.4435822056834331
::1|no-session,2026-04-07 21:01:59.849431600+00:00,2026-04-07 21:02:00.997846400+00:00,clean,30,20406.27148645457,10801.017409896574,0.4955356249106168,12,7,2,1422.5172413793102,752.9310344827586,0.0396005547811574,0.0510128575877372,1e-06,0.2207658290863037,clean,-0.4487135688026564
::1|no-session,2026-04-07 21:02:00.134658700+00:00,2026-04-07 21:02:01.244489300+00:00,clean,30,18983.31332749897,10047.784988853124,0.4955356249106168,11,8,3,2133.0344827586205,1128.448275862069,0.0382700475684856,0.053546599489632,1e-06,0.2207658290863037,clean,-0.5015602638158035
::1|no-session,2026-04-07 21:02:00.513479400+00:00,2026-04-07 21:02:01.249432600+00:00,clean,30,15949.074638465185,8441.984875147682,0.5385164807134505,13,7,3,2132.310344827586,1128.2413793103449,0.0253777273301749,0.047986308314486,1e-06,0.2207658290863037,clean,-0.49830734902833007
::1|no-session,2026-04-07 21:02:00.523940600+00:00,2026-04-07 21:02:01.532120300+00:00,clean,30,9922.888583919952,5251.991990875674,0.4818944098266987,13,6,2,712.5172413793103,376.41379310344826,0.0347648160210971,0.0541173133036801,4.0531158447265625e-06,0.2207658290863037,clean,-0.40193208948218234
::1|no-session,2026-04-07 21:02:00.779961200+00:00,2026-04-07 21:02:01.541239600+00:00,clean,30,10748.940706517187,5689.341317469594,0.5587684871413403,14,7,3,1067.551724137931,564.3103448275862,0.026251047961531,0.0417102516071801,1e-06,0.1633591651916504,clean,-0.4408008664513375
::1|no-session,2026-04-07 21:02:00.884385300+00:00,2026-04-07 21:02:01.564515400+00:00,clean,30,11464.511967904356,6067.995105927126,0.7,14,8,3,1067.3793103448277,564.3103448275862,0.0234528277545797,0.041258583995641,1e-06,0.1633591651916504,clean,-0.4431276238589993
::1|no-session,2026-04-07 21:02:01.008473500+00:00,2026-04-07 21:02:01.944457800+00:00,clean,30,9712.555873484362,5140.710634943599,0.6674994798166929,15,8,3,1067.1379310344828,564.2413793103449,0.0322753839542783,0.0654194085441101,1e-06,0.3005733489990234,clean,-0.44356611713934047
::1|no-session,2026-04-07 21:02:01.244493300+00:00,2026-04-07 21:02:02.120884700+00:00,clean,30,5136.119998598163,2718.523591134636,0.4988876515698588,13,7,2,356.7586206896552,188.6206896551724,0.0302204624423323,0.0618534541039619,1e-06,0.3005733489990234,clean,-0.368828950980701
::1|no-session,2026-04-07 21:02:01.412791900+00:00,2026-04-07 21:02:02.379397400+00:00,clean,30,4717.907573514155,2497.045700867772,0.4582575694955841,11,7,2,356.6551724137931,188.79310344827587,0.0333312987344676,0.0602771092927949,1e-06,0.3005733489990234,clean,-0.36588170099406614
::1|no-session,2026-04-07 21:02:01.532120300+00:00,2026-04-07 21:02:02.608553800+00:00,clean,30,3500.137537615089,1852.2583576092547,0.339934634239519,9,7,2,357.0,188.86206896551724,0.0371184282821129,0.0666889372736981,1e-06,0.3005733489990234,clean,-0.37430310274933926
::1|no-session,2026-04-07 21:02:01.544352700+00:00,2026-04-07 21:02:02.863192500+00:00,clean,30,1.949358868961793,1.3085190950927017,0.0,7,5,1,2.2758620689655173,1.0344827586206895,0.0454772340840306,0.0745235079233766,2.1696090698242188e-05,0.3005733489990234,clean,-0.3866128688081859
::1|no-session,2026-04-07 21:02:01.865088700+00:00,2026-04-07 21:02:04.629148500+00:00,clean,30,5543.340481454602,2935.2556400119943,0.3590109871423003,8,6,2,1067.4827586206898,564.6896551724138,0.0953124062768344,0.2843389933538313,2.1696090698242188e-05,1.560718059539795,clean,-0.4116834848209792
::1|no-session,2026-04-07 21:02:01.987611+00:00,2026-04-07 21:02:04.634307200+00:00,clean,30,12352.816821770744,6540.833464135558,0.8,10,7,2,1067.344827586207,564.6206896551724,0.0912653906592007,0.2853630127735084,2.1696090698242188e-05,1.560718059539795,clean,-0.4145357679663077
::1|no-session,2026-04-07 21:02:02.152792900+00:00,2026-04-07 21:02:04.850242500+00:00,clean,30,14881.731875356443,7880.002037788795,0.9637888196533974,13,8,2,1067.551724137931,564.6551724137931,0.0930155063497609,0.2861433931041738,2.1696090698242188e-05,1.560718059539795,clean,-0.4220245751403487
::1|no-session,2026-04-07 21:02:02.388716500+00:00,2026-04-07 21:02:05.178870+00:00,clean,30,15406.04724688761,8157.748590552829,0.9977753031397176,13,9,2,1067.655172413793,564.5862068965517,0.0962121897730334,0.2855309236449181,2.1696090698242188e-05,1.560718059539795,clean,-0.4374858842354548
::1|no-session,2026-04-07 21:02:02.608639500+00:00,2026-04-07 21:02:05.387847200+00:00,clean,30,14151.844944859076,7492.896834039259,0.916515138991168,14,6,2,1067.7241379310344,564.3448275862069,0.0958347484983246,0.2838864636209859,2.1696090698242188e-05,1.560718059539795,clean,-0.4353875205691552
::1|no-session,2026-04-07 21:02:02.863242300+00:00,2026-04-07 21:02:05.550675900+00:00,clean,30,10497.78311644892,5558.088260064486,0.6798692684790381,11,5,2,1067.5172413793102,564.4827586206897,0.0926701282632762,0.282112689407342,3.671646118164063e-05,1.560718059539795,clean,-0.43641366502379664
::1|no-session,2026-04-07 21:02:04.629185200+00:00,2026-04-07 21:02:07.911776300+00:00,clean,30,1.9745604292826515,1.3148721948877349,0.0,7,5,1,2.6206896551724137,0.7931034482758621,0.1131927967071533,0.4223749585295929,4.0531158447265625e-06,2.3377699851989746,clean,-0.38950745874818976
::1|no-session,2026-04-07 21:02:04.807443200+00:00,2026-04-07 21:02:09.810540800+00:00,clean,30,2.1592179654268864,1.5790292376436017,0.0,7,6,1,2.7586206896551726,0.7241379310344828,0.1725206128482161,0.5146945806243042,4.0531158447265625e-06,2.3377699851989746,clean,-0.38758603195707975
::1|no-session,2026-04-07 21:02:04.852415900+00:00,2026-04-07 21:02:09.810620700+00:00,clean,30,2.1291625896895083,1.6802777548171413,0.0,7,6,1,2.655172413793104,0.5862068965517241,0.1709725774567702,0.5151869581250411,4.0531158447265625e-06,2.3377699851989746,clean,-0.38950597004621074
::1|no-session,2026-04-07 21:02:05.245308300+00:00,2026-04-07 21:02:10.444873300+00:00,clean,30,2.324985065662908,1.4715826703096078,0.0,8,6,1,2.1724137931034484,0.5862068965517241,0.1792954115095467,0.519333522419427,1e-06,2.3377699851989746,clean,-0.3752778856516943
::1|no-session,2026-04-07 21:02:05.412523900+00:00,2026-04-07 21:02:10.684602600+00:00,clean,30,7672.829058799339,4062.264911351794,0.3726779962499649,12,7,2,711.8620689655172,376.44827586206895,0.181795896239182,0.5200987244190036,1e-06,2.3377699851989746,clean,-0.39211926733884533
::1|no-session,2026-04-07 21:02:05.553984100+00:00,2026-04-07 21:02:10.942523800+00:00,clean,30,9705.606470489109,5138.097272553549,0.4714045207910317,12,9,2,711.8275862068965,376.4827586206897,0.1858117941215778,0.5195599247598197,1e-06,2.3377699851989746,clean,-0.39579861610876466
::1|no-session,2026-04-07 21:02:07.911792+00:00,2026-04-07 21:02:11.098427400+00:00,clean,30,10294.36687735363,5449.800074212712,0.5,14,8,2,711.8620689655172,376.5172413793104,0.1098840433039172,0.3233064298988601,1e-06,1.7328734397888184,clean,-0.381060435253657
::1|no-session,2026-04-07 21:02:09.810545200+00:00,2026-04-07 21:02:11.145025400+00:00,clean,30,9706.148589711349,5137.979392718503,0.4714045207910317,14,8,2,711.7931034482758,376.7241379310345,0.0460166223181362,0.100125720963206,1e-06,0.468102216720581,clean,-0.3833153282434195
::1|no-session,2026-04-07 21:02:09.976579400+00:00,2026-04-07 21:02:11.317179500+00:00,clean,30,7674.170604842077,4062.085961260134,0.3726779962499649,9,8,2,711.8620689655172,377.0,0.0462276556459624,0.0987917688025837,1e-06,0.468102216720581,clean,-0.3895316333588457
::1|no-session,2026-04-07 21:02:10.680051400+00:00,2026-04-07 21:02:11.977595700+00:00,clean,30,1.9652537297311568,1.247219128924647,0.0,7,5,1,2.1379310344827585,1.103448275862069,0.0447428966390675,0.101764686186573,5.4836273193359375e-06,0.5249865055084229,clean,-0.38100100945646714
::1|no-session,2026-04-07 21:02:10.684646300+00:00,2026-04-07 21:02:12.176848300+00:00,clean,30,2.1615323782497966,1.5162087220725544,0.0,8,5,1,2.5172413793103448,1.0,0.0514552773632181,0.1050968440853631,1e-06,0.5249865055084229,clean,-0.3667281489355855
::1|no-session,2026-04-07 21:02:10.946415500+00:00,2026-04-07 21:02:13.623619700+00:00,clean,30,2.4303634844744244,1.601735170231195,0.0,8,6,1,2.3793103448275863,0.9655172413793104,0.0923175135745344,0.2760009943222783,1e-06,1.4459905624389648,clean,-0.35889396168682675
::1|no-session,2026-04-07 21:02:11.129631600+00:00,2026-04-07 21:02:13.801838600+00:00,clean,30,2.428762830926249,1.8785337071473829,0.0,8,6,1,2.6206896551724137,0.8275862068965517,0.0921452109338168,0.2767695779353148,1e-06,1.4459905624389648,clean,-0.3614991829229136
::1|no-session,2026-04-07 21:02:11.286246+00:00,2026-04-07 21:02:16.106637800+00:00,clean,30,2.5527762664727724,1.879716290649558,0.0,9,7,1,2.5172413793103448,0.896551724137931,0.166220548047822,0.4378584829691115,1e-06,1.9703950881958008,clean,-0.37282128627825895
::1|no-session,2026-04-07 21:02:11.425030100+00:00,2026-04-07 21:02:16.109973300+00:00,clean,30,2.626573602412255,2.170765354021992,0.0,10,7,1,2.4482758620689653,0.7241379310344828,0.1615499986461771,0.43912854660797,1e-06,1.9703950881958008,clean,-0.37496464919156774
::1|no-session,2026-04-07 21:02:11.980065900+00:00,2026-04-07 21:02:17.231413700+00:00,clean,30,3.048496897379647,2.451530134426253,0.0,10,8,1,2.5172413793103448,0.8275862068965517,0.1810812075395255,0.457196564069222,1e-06,1.9703950881958008,clean,-0.39080520678135994
::1|no-session,2026-04-07 21:02:12.176848300+00:00,2026-04-07 21:02:17.235656300+00:00,clean,30,3.124988888869136,2.758622844826745,0.0,10,8,1,2.4827586206896552,0.7931034482758621,0.1744418224097942,0.4583168422767127,1e-06,1.9703950881958008,clean,-0.39245384167367264
::1|no-session,2026-04-07 21:02:13.624065900+00:00,2026-04-07 21:02:18.194176200+00:00,clean,30,3499.772063054012,1852.371029848562,0.339934634239519,12,11,2,357.51724137931035,188.68965517241375,0.157590149001549,0.399346605161141,1e-06,1.9703950881958008,clean,-0.4182841708764361
::1|no-session,2026-04-07 21:02:13.915212700+00:00,2026-04-07 21:02:18.371723500+00:00,clean,30,4717.937044584917,2497.6426132121733,0.458257569495584,12,11,2,357.3103448275862,188.79310344827587,0.1536729153042497,0.4001812495917118,2.384185791015625e-07,1.9703950881958008,clean,-0.41389654869994424
::1|no-session,2026-04-07 21:02:16.106637900+00:00,2026-04-07 21:02:18.548414500+00:00,clean,30,5135.727995999096,2719.539238956155,0.4988876515698588,12,9,2,357.4482758620689,188.72413793103448,0.0841993018093766,0.2068905813399347,2.384185791015625e-07,0.9594969749450684,clean,-0.3695748409232107
::1|no-session,2026-04-07 21:02:16.247970+00:00,2026-04-07 21:02:18.646537300+00:00,clean,30,4960.409360795405,2627.064908262113,0.4818944098266987,14,8,2,357.3103448275862,188.8275862068965,0.0827092482657597,0.206301983593118,2.384185791015625e-07,0.9594969749450684,clean,-0.3663619937016527
::1|no-session,2026-04-07 21:02:17.232914900+00:00,2026-04-07 21:02:18.762974600+00:00,clean,30,4117.667125394615,2181.0335765921222,0.4000000000000001,13,5,2,357.17241379310343,188.68965517241375,0.0527607177397629,0.1225394209444821,2.384185791015625e-07,0.5158975124359131,clean,-0.3887915584964116
::1|no-session,2026-04-07 21:02:17.678096800+00:00,2026-04-07 21:02:19.131114600+00:00,clean,30,1848.344457135147,978.7573987232768,0.1795054935711501,9,5,2,357.13793103448273,188.93103448275863,0.0501040852834767,0.1065387608725775,2.384185791015625e-07,0.5158975124359131,clean,-0.39425563042167894
::1|no-session,2026-04-07 21:02:18.194176400+00:00,2026-04-07 21:02:20.479117800+00:00,clean,30,2.2891046284519194,1.2840906856172147,0.0,8,5,1,2.1379310344827585,0.9655172413793104,0.0787911874089734,0.2472512016020169,1e-06,1.3479905128479004,clean,-0.36557231637803284
::1|no-session,2026-04-07 21:02:18.374496400+00:00,2026-04-07 21:02:20.645706700+00:00,clean,30,2.5256462319352817,1.358512258154322,0.0,9,5,1,1.862068965517241,0.9655172413793104,0.0783177308149666,0.2473576745437871,1e-06,1.3479905128479004,clean,-0.3668863732033815
::1|no-session,2026-04-07 21:02:18.556417900+00:00,2026-04-07 21:02:22.126631200+00:00,clean,30,9267.31138620522,4904.833491907073,0.6,12,6,2,1067.0689655172414,564.8275862068965,0.1231109502168852,0.3538556440279468,1e-06,1.4617843627929688,clean,-0.3926103728890087
::1|no-session,2026-04-07 21:02:18.689085200+00:00,2026-04-07 21:02:22.496924900+00:00,clean,30,13660.423919117591,7230.468263996922,0.8844332774281067,13,8,2,1067.103448275862,564.6896551724138,0.1313049873115276,0.3551651773680353,1e-06,1.4617843627929688,clean,-0.40063295386218994
::1|no-session,2026-04-07 21:02:18.798903300+00:00,2026-04-07 21:02:22.746770500+00:00,clean,30,15307.461070740055,8102.260933358183,0.9910712498212336,14,9,2,1066.9655172413793,564.6206896551724,0.1361335225887956,0.3541461147745511,1e-06,1.4617843627929688,clean,-0.4208794416153481
::1|no-session,2026-04-07 21:02:19.131114600+00:00,2026-04-07 21:02:22.991731400+00:00,clean,30,15132.852497096805,8010.348647149442,0.9797958971132712,14,8,2,1066.8275862068965,564.8275862068965,0.1331248593923634,0.3525242682756748,1e-06,1.4617843627929688,clean,-0.4155585187636639
::1|no-session,2026-04-07 21:02:20.479128300+00:00,2026-04-07 21:02:23.309596900+00:00,clean,30,13064.837364978306,6915.611106924841,0.8459051693633013,11,8,2,1067.0,564.9310344827586,0.0976024363666402,0.2658496866032458,1e-06,1.4617843627929688,clean,-0.40199400648652395
::1|no-session,2026-04-07 21:02:20.652910800+00:00,2026-04-07 21:02:23.613871400+00:00,clean,30,7705.56950350416,4078.406713002844,0.4988876515698588,9,6,2,1067.2068965517242,564.7931034482758,0.102102116833917,0.2643647690630377,1e-06,1.4617843627929688,clean,-0.3925310280420562
::1|no-session,2026-04-07 21:02:22.126631200+00:00,2026-04-07 21:02:25.578280+00:00,clean,30,7675.005435321999,4062.249932679618,0.3726779962499649,10,6,2,711.7586206896551,376.7241379310345,0.1190224038675242,0.3541392507035037,2.384185791015625e-07,1.963592529296875,clean,-0.3889867153071717
::1|no-session,2026-04-07 21:02:22.514674600+00:00,2026-04-07 21:02:25.828664200+00:00,clean,30,9708.293444782146,5138.332965726011,0.4714045207910317,11,8,2,711.6551724137931,377.0,0.1142755737683526,0.3526410194765574,2.384185791015625e-07,1.963592529296875,clean,-0.3776948969256498
::1|no-session,2026-04-07 21:02:22.750994400+00:00,2026-04-07 21:02:25.971151400+00:00,clean,30,10296.866838671524,5449.866774722316,0.5,14,8,2,711.8620689655172,377.2413793103448,0.111039962346044,0.3532661410437783,2.384185791015625e-07,1.963592529296875,clean,-0.38406788201159237
::1|no-session,2026-04-07 21:02:23.070813100+00:00,2026-04-07 21:02:26.321715800+00:00,clean,30,9707.963455958325,5138.07367751335,0.4714045207910317,13,7,2,711.6551724137931,377.2758620689655,0.1121001522179965,0.3541329296088627,2.384185791015625e-07,1.963592529296875,clean,-0.3812318546919395
::1|no-session,2026-04-07 21:02:23.455326400+00:00,2026-04-07 21:02:26.785598800+00:00,clean,30,8041.796047940203,4256.300264705644,0.42687494916219,12,7,3,1067.0689655172414,565.1379310344828,0.1148370413008065,0.3560411947080514,2.384185791015625e-07,1.963592529296875,clean,-0.42664083029073174
::1|no-session,2026-04-07 21:02:25.577463800+00:00,2026-04-07 21:02:26.793383700+00:00,clean,30,4118.967013975982,2179.9336608152908,0.4,10,6,2,356.9310344827586,189.44827586206893,0.041928335622327,0.0704501743752491,2.384185791015625e-07,0.2928271293640136,clean,-0.3733156477459607
::1|no-session,2026-04-07 21:02:25.578282300+00:00,2026-04-07 21:02:26.977820+00:00,clean,30,4962.346101056098,2626.257965031023,0.4818944098266987,12,8,2,356.9655172413793,189.6206896551724,0.0482599504594474,0.0713802549648355,1e-06,0.2928271293640136,clean,-0.3605036028316914
::1|no-session,2026-04-07 21:02:25.830260100+00:00,2026-04-07 21:02:27.151611400+00:00,clean,30,5137.447489972255,2718.8979009068275,0.4988876515698588,13,8,2,357.17241379310343,189.55172413793105,0.0455638293562264,0.0672131277512536,1.5735626220703125e-05,0.2928271293640136,clean,-0.3697290251103926
::1|no-session,2026-04-07 21:02:25.999947300+00:00,2026-04-07 21:02:27.277305700+00:00,clean,30,4719.413398576848,2497.34403895196,0.4582575694955841,13,8,2,356.8965517241379,189.55172413793105,0.0440468377080457,0.0664640619964765,1.0013580322265623e-05,0.2928271293640136,clean,-0.3680328216985179
::1|no-session,2026-04-07 21:02:26.325167+00:00,2026-04-07 21:02:28.461085100+00:00,clean,30,3500.700138861114,1852.6180157340104,0.339934634239519,13,8,2,356.58620689655174,189.55172413793105,0.0736523759307861,0.2060695723248404,1e-06,1.1210095882415771,clean,-0.3673257677754056
::1|no-session,2026-04-07 21:02:26.785614700+00:00,2026-04-07 21:02:30.995063100+00:00,clean,30,3088.145553024771,1634.9670880139724,0.3,11,6,2,356.3448275862069,189.48275862068965,0.1451535026197762,0.4948483294522756,1e-06,2.5339601039886475,clean,-0.38379548969507643
::1|no-session,2026-04-07 21:02:26.933810700+00:00,2026-04-07 21:02:31.172996200+00:00,clean,30,4552.0984421107005,2409.9150874852185,0.4422166387140533,11,7,2,356.51724137931035,189.41379310344828,0.1461789080431708,0.4949062013450914,1e-06,2.5339601039886475,clean,-0.37331693131087257
::1|no-session,2026-04-07 21:02:27.033183500+00:00,2026-04-07 21:02:31.328429100+00:00,clean,30,5100.8761252902,2700.6357533407245,0.4955356249106168,12,8,2,356.6896551724138,189.3448275862069,0.1481120141038565,0.4946094534752172,1e-06,2.5339601039886475,clean,-0.37016572861179425
::1|no-session,2026-04-07 21:02:27.151621400+00:00,2026-04-07 21:02:31.436586100+00:00,clean,30,5043.3091711252,2669.9848749051416,0.4898979485566356,11,8,2,356.58620689655174,189.1034482758621,0.1477575021193931,0.4947354639709371,1e-06,2.5339601039886475,clean,-0.37134681145029846
::1|no-session,2026-04-07 21:02:27.302043200+00:00,2026-04-07 22:26:19.694680300+00:00,clean,30,4354.704306838755,2305.173278856832,0.4229525846816507,9,8,2,356.48275862068965,188.8275862068965,173.53078072463413,917.4325568566278,1e-06,5028.12685585022,synthetic,-0.6879448495779812
::1|no-session,2026-04-07 21:02:28.461085200+00:00,2026-04-07 22:26:19.870588+00:00,clean,30,2568.470197521388,1359.754406337981,0.2494438257849294,8,7,2,356.62068965517244,188.89655172413796,173.49687947395432,917.4389453460118,1e-06,5028.12685585022,synthetic,-0.6944366485898152
::1|no-session,2026-04-07 21:02:30.995064700+00:00,2026-04-07 22:26:19.957526300+00:00,clean,30,3851.653745975732,2039.283851421049,0.4988876515698588,9,7,2,1599.2413793103449,846.8620689655172,173.41249871413712,917.4547779968198,1e-06,5028.12685585022,synthetic,-0.7083925659657341
::1|no-session,2026-04-07 21:02:31.177729400+00:00,2026-04-07 22:26:20.144915800+00:00,synthetic,30,6530.509060981047,3457.939698079704,0.8459051693633014,12,8,2,1598.8620689655172,846.9310344827586,173.41266163623996,917.454747255839,1e-06,5028.12685585022,synthetic,-0.7157423415021035
::1|no-session,2026-04-07 21:02:31.381920600+00:00,2026-04-07 22:26:20.331625+00:00,synthetic,30,7564.391988785351,4005.201698486052,0.9797958971132712,14,9,2,1598.7586206896551,847.0344827586207,173.41205880719468,917.4548611450592,1e-06,5028.12685585022,synthetic,-0.7191784924693213
::1|no-session,2026-04-07 21:02:31.560779800+00:00,2026-04-07 22:26:20.494083100+00:00,synthetic,30,7652.000806252498,4051.257308814416,0.9910712498212336,13,9,2,1598.9310344827586,847.2068965517242,173.41149325366106,917.4549679250068,1e-06,5028.12685585022,synthetic,-0.7183910454615183
::1|no-session,2026-04-07 22:26:19.694703300+00:00,2026-04-07 22:26:20.590268100+00:00,synthetic,30,6829.0412989102815,3615.6990871598937,0.8844332774281065,12,7,2,1599.1379310344828,847.2758620689655,0.0308815446393243,0.0443575327760374,2.1696090698242188e-05,0.1814785003662109,clean,-0.4497472065475692
::1|no-session,2026-04-07 22:26:19.937329100+00:00,2026-04-07 22:26:20.722693+00:00,synthetic,30,4632.900489254365,2452.966929387078,0.5999999999999999,9,6,2,1599.2413793103449,847.1379310344828,0.0270815224483095,0.0379900988041197,2.1696090698242188e-05,0.1814785003662109,clean,-0.4407674004102065
