requestTime,userIp,x,y,z
2026-04-07 20:48:15.481913400+00:00,::1,0,0,0
2026-04-07 20:48:19.010750700+00:00,::1,0,0,1
2026-04-07 20:48:19.010759100+00:00,::1,1,1,1
2026-04-07 20:48:19.010759300+00:00,::1,0,1,1
2026-04-07 20:48:19.010759400+00:00,::1,1,0,1
2026-04-07 20:48:19.457078300+00:00,::1,1,2,2
2026-04-07 20:48:19.457078300+00:00,::1,1,1,2
2026-04-07 20:48:19.457078700+00:00,::1,2,1,2
2026-04-07 20:48:19.457081800+00:00,::1,1,0,2
2026-04-07 20:48:19.457081800+00:00,::1,2,2,2
2026-04-07 20:48:19.470326500+00:00,::1,3,0,2
2026-04-07 20:48:19.704261500+00:00,::1,0,1,2
2026-04-07 20:48:19.704261500+00:00,::1,0,0,2
2026-04-07 20:48:19.734491600+00:00,::1,0,2,2
2026-04-07 20:48:19.795424500+00:00,::1,3,2,2
2026-04-07 20:48:19.795426400+00:00,::1,0,3,2
2026-04-07 20:48:19.832453300+00:00,::1,3,1,2
2026-04-07 20:48:19.918649400+00:00,::1,2,3,2
2026-04-07 20:48:19.950373600+00:00,::1,1,3,2
2026-04-07 20:48:19.978322800+00:00,::1,2,0,2
2026-04-07 20:48:19.990481400+00:00,::1,3,3,2
2026-04-07 20:48:20.862929800+00:00,::1,3,3,3
2026-04-07 20:48:20.862929800+00:00,::1,3,4,3
2026-04-07 20:48:20.863446700+00:00,::1,4,3,3
2026-04-07 20:48:20.872236800+00:00,::1,3,2,3
2026-04-07 20:48:20.872239700+00:00,::1,4,4,3
2026-04-07 20:48:20.873215500+00:00,::1,4,2,3
2026-04-07 20:48:21.083649600+00:00,::1,5,3,3
2026-04-07 20:48:21.083671200+00:00,::1,2,2,3
2026-04-07 20:48:21.087767300+00:00,::1,5,5,3
2026-04-07 20:48:21.090969800+00:00,::1,5,4,3
2026-04-07 20:48:21.110987700+00:00,::1,1,2,3
2026-04-07 20:48:21.117431300+00:00,::1,2,4,3
2026-04-07 20:48:21.266114500+00:00,::1,1,3,3
2026-04-07 20:48:21.300914600+00:00,::1,1,5,3
2026-04-07 20:48:21.300916100+00:00,::1,6,3,3
2026-04-07 20:48:21.338519+00:00,::1,6,5,3
2026-04-07 20:48:21.366957500+00:00,::1,2,5,3
2026-04-07 20:48:21.366957600+00:00,::1,4,5,3
2026-04-07 20:48:21.447493+00:00,::1,3,5,3
2026-04-07 20:48:21.477287+00:00,::1,2,3,3
2026-04-07 20:48:21.477287100+00:00,::1,6,4,3
2026-04-07 20:48:21.504224900+00:00,::1,6,2,3
2026-04-07 20:48:21.545096600+00:00,::1,5,2,3
2026-04-07 20:48:21.600144200+00:00,::1,1,4,3
2026-04-07 20:58:14.791148300+00:00,::1,7,4,3
2026-04-07 20:58:14.791159100+00:00,::1,7,2,3
2026-04-07 20:58:14.799304700+00:00,::1,7,3,3
2026-04-07 20:58:14.801342200+00:00,::1,7,5,3
2026-04-07 20:58:14.984240700+00:00,::1,7,1,3
2026-04-07 20:58:14.984240700+00:00,::1,0,2,3
2026-04-07 20:58:15.197903400+00:00,::1,4,1,3
2026-04-07 20:58:15.426183400+00:00,::1,0,3,3
2026-04-07 20:58:15.431612800+00:00,::1,2,1,3
2026-04-07 20:58:15.444177100+00:00,::1,5,1,3
2026-04-07 20:58:15.449494800+00:00,::1,1,1,3
2026-04-07 20:58:15.507103200+00:00,::1,6,1,3
2026-04-07 20:58:15.647333+00:00,::1,0,1,3
2026-04-07 20:58:15.660273500+00:00,::1,3,1,3
2026-04-07 20:58:15.692625300+00:00,::1,6,0,3
2026-04-07 20:58:15.696650600+00:00,::1,3,0,3
2026-04-07 20:58:15.756838300+00:00,::1,0,0,3
2026-04-07 20:58:15.886232700+00:00,::1,7,0,3
2026-04-07 20:58:15.933208200+00:00,::1,2,0,3
2026-04-07 20:58:15.948817400+00:00,::1,1,0,3
2026-04-07 20:58:16.005613200+00:00,::1,5,0,3
2026-04-07 20:58:16.018477400+00:00,::1,4,0,3
2026-04-07 20:58:16.937047500+00:00,::1,11,2,5
2026-04-07 20:58:16.937047500+00:00,::1,10,3,5
2026-04-07 20:58:16.937157400+00:00,::1,9,2,5
2026-04-07 20:58:16.937266100+00:00,::1,10,2,5
2026-04-07 20:58:16.938473700+00:00,::1,9,3,5
2026-04-07 20:58:16.942449700+00:00,::1,11,3,5
2026-04-07 20:58:17.274847500+00:00,::1,11,4,5
2026-04-07 20:58:17.289671500+00:00,::1,7,3,5
2026-04-07 20:58:17.335434200+00:00,::1,8,3,5
2026-04-07 20:58:17.385391700+00:00,::1,12,3,5
2026-04-07 20:58:17.453569700+00:00,::1,7,2,5
2026-04-07 20:58:17.527045900+00:00,::1,9,4,5
2026-04-07 20:58:17.623288300+00:00,::1,7,4,5
2026-04-07 20:58:17.645240900+00:00,::1,10,4,5
2026-04-07 20:58:17.684696800+00:00,::1,13,3,5
2026-04-07 20:58:17.769961900+00:00,::1,11,1,5
2026-04-07 20:58:17.895916200+00:00,::1,12,1,5
2026-04-07 20:58:17.974232900+00:00,::1,13,2,5
2026-04-07 20:58:17.988300800+00:00,::1,13,4,5
2026-04-07 20:58:18.033045+00:00,::1,8,1,5
2026-04-07 20:58:18.118767700+00:00,::1,12,2,5
2026-04-07 20:58:18.130068200+00:00,::1,8,4,5
2026-04-07 20:58:18.202264400+00:00,::1,12,4,5
2026-04-07 20:58:18.270966+00:00,::1,8,2,5
2026-04-07 20:58:18.368816600+00:00,::1,10,1,5
2026-04-07 20:58:18.371355300+00:00,::1,7,1,5
2026-04-07 20:58:18.411386300+00:00,::1,9,1,5
2026-04-07 20:58:18.532197800+00:00,::1,13,1,5
2026-04-07 20:58:18.566470300+00:00,::1,14,5,5
2026-04-07 20:58:18.640121700+00:00,::1,13,5,5
2026-04-07 20:58:18.682801200+00:00,::1,9,6,5
2026-04-07 20:58:18.687220500+00:00,::1,10,5,5
2026-04-07 20:58:18.707850700+00:00,::1,15,5,5
2026-04-07 20:58:18.782958300+00:00,::1,15,6,5
2026-04-07 20:58:18.953421300+00:00,::1,11,5,5
2026-04-07 20:58:18.953954400+00:00,::1,13,6,5
2026-04-07 20:58:18.966584600+00:00,::1,9,5,5
2026-04-07 20:58:19.010275500+00:00,::1,15,4,5
2026-04-07 20:58:19.042575700+00:00,::1,11,6,5
2026-04-07 20:58:19.135729900+00:00,::1,10,6,5
2026-04-07 20:58:19.143112200+00:00,::1,15,3,5
2026-04-07 20:58:19.143141700+00:00,::1,14,3,5
2026-04-07 20:58:19.143277+00:00,::1,22,8,6
2026-04-07 20:58:19.145667500+00:00,::1,25,8,6
2026-04-07 20:58:19.148112900+00:00,::1,26,9,6
2026-04-07 20:58:19.149968500+00:00,::1,27,9,6
2026-04-07 20:58:19.153193900+00:00,::1,25,9,6
2026-04-07 20:58:19.177465100+00:00,::1,26,8,6
2026-04-07 20:58:19.500127300+00:00,::1,21,8,6
2026-04-07 20:58:19.589419100+00:00,::1,24,10,6
2026-04-07 20:58:19.734569200+00:00,::1,22,10,6
2026-04-07 20:58:19.791412700+00:00,::1,24,8,6
2026-04-07 20:58:19.827314100+00:00,::1,23,9,6
2026-04-07 20:58:19.854474800+00:00,::1,26,10,6
2026-04-07 20:58:19.897586100+00:00,::1,22,9,6
2026-04-07 20:58:19.898703600+00:00,::1,21,9,6
2026-04-07 20:58:19.902300600+00:00,::1,27,8,6
2026-04-07 20:58:19.903671400+00:00,::1,24,9,6
2026-04-07 20:58:19.907748+00:00,::1,21,10,6
2026-04-07 20:58:20.150738100+00:00,::1,97,37,8
2026-04-07 20:58:20.155540300+00:00,::1,97,38,8
2026-04-07 20:58:20.155614700+00:00,::1,96,37,8
2026-04-07 20:58:20.157643300+00:00,::1,98,37,8
2026-04-07 20:58:20.159510+00:00,::1,96,38,8
2026-04-07 20:58:20.159716300+00:00,::1,98,38,8
2026-04-07 20:58:20.534814200+00:00,::1,95,38,8
2026-04-07 20:58:20.544413600+00:00,::1,95,36,8
2026-04-07 20:58:20.544424400+00:00,::1,100,36,8
2026-04-07 20:58:20.554277400+00:00,::1,96,39,8
2026-04-07 20:58:20.577873200+00:00,::1,94,39,8
2026-04-07 20:58:20.678853300+00:00,::1,100,37,8
2026-04-07 20:58:20.900840700+00:00,::1,94,36,8
2026-04-07 20:58:21.121661800+00:00,::1,97,39,8
2026-04-07 20:58:21.162534700+00:00,::1,99,37,8
2026-04-07 20:58:21.201789800+00:00,::1,99,39,8
2026-04-07 20:58:21.255591200+00:00,::1,98,39,8
2026-04-07 20:58:21.379466300+00:00,::1,94,37,8
2026-04-07 20:58:21.596547900+00:00,::1,100,38,8
2026-04-07 20:58:21.786747300+00:00,::1,99,36,8
2026-04-07 20:58:21.836427200+00:00,::1,96,36,8
2026-04-07 20:58:22.194631+00:00,::1,95,39,8
2026-04-07 20:58:22.198221+00:00,::1,100,39,8
2026-04-07 20:58:22.254315600+00:00,::1,95,37,8
2026-04-07 20:58:22.336084200+00:00,::1,99,38,8
2026-04-07 20:58:22.367538+00:00,::1,94,38,8
2026-04-07 20:58:22.484960800+00:00,::1,97,36,8
2026-04-07 20:58:22.529206200+00:00,::1,98,36,8
2026-04-07 21:00:58.101713800+00:00,::1,98,35,8
2026-04-07 21:00:58.103727200+00:00,::1,97,35,8
2026-04-07 21:00:58.113145700+00:00,::1,96,35,8
2026-04-07 21:00:58.119492700+00:00,::1,94,35,8
2026-04-07 21:00:58.120149+00:00,::1,95,35,8
2026-04-07 21:00:58.127001900+00:00,::1,99,35,8
2026-04-07 21:00:58.313962700+00:00,::1,100,35,8
2026-04-07 21:00:58.316805700+00:00,::1,101,35,8
2026-04-07 21:00:58.316895+00:00,::1,101,37,8
2026-04-07 21:00:58.317364+00:00,::1,101,38,8
2026-04-07 21:00:58.318331100+00:00,::1,49,18,7
2026-04-07 21:00:58.320365800+00:00,::1,50,18,7
2026-04-07 21:00:58.322747900+00:00,::1,50,19,7
2026-04-07 21:00:58.325428300+00:00,::1,47,17,7
2026-04-07 21:00:58.342411600+00:00,::1,49,17,7
2026-04-07 21:00:58.344996+00:00,::1,50,17,7
2026-04-07 21:00:58.862893100+00:00,::1,48,17,7
2026-04-07 21:00:58.909125400+00:00,::1,47,18,7
2026-04-07 21:00:58.918642200+00:00,::1,48,19,7
2026-04-07 21:00:59.088496800+00:00,::1,48,18,7
2026-04-07 21:00:59.099322500+00:00,::1,49,19,7
2026-04-07 21:00:59.256908800+00:00,::1,52,18,7
2026-04-07 21:00:59.270759+00:00,::1,51,19,7
2026-04-07 21:00:59.355304300+00:00,::1,13,6,5
2026-04-07 21:00:59.355304900+00:00,::1,15,4,5
2026-04-07 21:00:59.355321200+00:00,::1,14,4,5
2026-04-07 21:00:59.355848200+00:00,::1,14,6,5
2026-04-07 21:00:59.357504600+00:00,::1,10,6,5
2026-04-07 21:00:59.359688100+00:00,::1,14,3,5
2026-04-07 21:00:59.471240400+00:00,::1,11,5,5
2026-04-07 21:00:59.556809600+00:00,::1,12,6,5
2026-04-07 21:00:59.584711500+00:00,::1,11,3,5
2026-04-07 21:00:59.595610500+00:00,::1,12,3,5
2026-04-07 21:00:59.607460600+00:00,::1,13,5,5
2026-04-07 21:00:59.729097100+00:00,::1,13,4,5
2026-04-07 21:00:59.735655800+00:00,::1,3,1,3
2026-04-07 21:00:59.739517100+00:00,::1,3,0,3
2026-04-07 21:00:59.742336100+00:00,::1,2,0,3
2026-04-07 21:00:59.744795600+00:00,::1,4,0,3
2026-04-07 21:00:59.747220700+00:00,::1,2,1,3
2026-04-07 21:00:59.750113400+00:00,::1,4,1,3
2026-04-07 21:00:59.899862400+00:00,::1,0,0,3
2026-04-07 21:00:59.913274100+00:00,::1,4,2,3
2026-04-07 21:00:59.927189900+00:00,::1,5,1,3
2026-04-07 21:00:59.937444+00:00,::1,1,0,3
2026-04-07 21:00:59.942753300+00:00,::1,1,1,3
2026-04-07 21:00:59.947712400+00:00,::1,1,2,3
2026-04-07 21:01:00.079334100+00:00,::1,0,1,3
2026-04-07 21:01:00.090843200+00:00,::1,6,1,3
2026-04-07 21:01:00.099407+00:00,::1,0,2,3
2026-04-07 21:01:00.099414600+00:00,::1,1,1,2
2026-04-07 21:01:00.099429200+00:00,::1,6,2,3
2026-04-07 21:01:00.100148500+00:00,::1,1,0,2
2026-04-07 21:01:00.102745100+00:00,::1,2,0,2
2026-04-07 21:01:00.107431900+00:00,::1,0,0,2
2026-04-07 21:01:00.119369200+00:00,::1,2,1,2
2026-04-07 21:01:00.128225300+00:00,::1,3,0,2
2026-04-07 21:01:00.320245600+00:00,::1,0,1,2
2026-04-07 21:01:00.338671900+00:00,::1,3,1,2
2026-04-07 21:01:00.363752300+00:00,::1,3,2,2
2026-04-07 21:01:00.377533300+00:00,::1,0,2,2
2026-04-07 21:01:00.394307300+00:00,::1,1,2,2
2026-04-07 21:01:00.407019900+00:00,::1,2,2,2
2026-04-07 21:01:01.300471300+00:00,::1,0,3,2
2026-04-07 21:01:01.300523500+00:00,::1,3,3,2
2026-04-07 21:01:01.301748600+00:00,::1,2,3,2
2026-04-07 21:01:01.301991500+00:00,::1,1,3,2
2026-04-07 21:01:01.949548200+00:00,::1,12,5,4
2026-04-07 21:01:01.950497+00:00,::1,11,6,4
2026-04-07 21:01:01.950778700+00:00,::1,10,5,4
2026-04-07 21:01:01.950780100+00:00,::1,11,5,4
2026-04-07 21:01:01.953377900+00:00,::1,10,6,4
2026-04-07 21:01:01.953632700+00:00,::1,12,6,4
2026-04-07 21:01:02.183657600+00:00,::1,8,7,4
2026-04-07 21:01:02.221654500+00:00,::1,14,5,4
2026-04-07 21:01:02.221654600+00:00,::1,11,4,4
2026-04-07 21:01:02.234917+00:00,::1,14,7,4
2026-04-07 21:01:02.357222100+00:00,::1,8,4,4
2026-04-07 21:01:02.380555400+00:00,::1,12,7,4
2026-04-07 21:01:02.421709400+00:00,::1,14,4,4
2026-04-07 21:01:02.526158+00:00,::1,8,5,4
2026-04-07 21:01:02.560274800+00:00,::1,12,4,4
2026-04-07 21:01:02.687852300+00:00,::1,10,4,4
2026-04-07 21:01:02.775118100+00:00,::1,10,7,4
2026-04-07 21:01:02.853756800+00:00,::1,13,5,4
2026-04-07 21:01:02.859909200+00:00,::1,13,4,4
2026-04-07 21:01:02.870271100+00:00,::1,9,7,4
2026-04-07 21:01:02.884163700+00:00,::1,13,6,4
2026-04-07 21:01:02.901421800+00:00,::1,11,7,4
2026-04-07 21:01:02.970608+00:00,::1,13,7,4
2026-04-07 21:01:03.106068600+00:00,::1,9,4,4
2026-04-07 21:01:03.130031900+00:00,::1,8,6,4
2026-04-07 21:01:03.257410800+00:00,::1,14,6,4
2026-04-07 21:01:03.262145100+00:00,::1,22,12,5
2026-04-07 21:01:03.262193300+00:00,::1,21,9,5
2026-04-07 21:01:03.262445700+00:00,::1,20,9,5
2026-04-07 21:01:03.263191200+00:00,::1,21,12,5
2026-04-07 21:01:03.264372200+00:00,::1,21,10,5
2026-04-07 21:01:03.268026600+00:00,::1,22,10,5
2026-04-07 21:01:03.522477200+00:00,::1,20,10,5
2026-04-07 21:01:03.531032200+00:00,::1,23,9,5
2026-04-07 21:01:03.536605200+00:00,::1,20,12,5
2026-04-07 21:01:03.543177800+00:00,::1,19,9,5
2026-04-07 21:01:03.558702700+00:00,::1,19,11,5
2026-04-07 21:01:03.561620200+00:00,::1,19,10,5
2026-04-07 21:01:03.768682600+00:00,::1,23,11,5
2026-04-07 21:01:03.777826200+00:00,::1,22,11,5
2026-04-07 21:01:03.781917900+00:00,::1,22,9,5
2026-04-07 21:01:03.800802900+00:00,::1,19,12,5
2026-04-07 21:01:03.806798100+00:00,::1,23,10,5
2026-04-07 21:01:03.969541100+00:00,::1,20,11,5
2026-04-07 21:01:03.972295500+00:00,::1,18,10,5
2026-04-07 21:01:04.068904100+00:00,::1,23,12,5
2026-04-07 21:01:04.085669900+00:00,::1,21,11,5
2026-04-07 21:01:04.106823600+00:00,::1,24,10,5
2026-04-07 21:01:04.147995900+00:00,::1,18,11,5
2026-04-07 21:01:04.164175900+00:00,::1,24,11,5
2026-04-07 21:01:04.197997900+00:00,::1,18,9,5
2026-04-07 21:01:04.284344300+00:00,::1,24,9,5
2026-04-07 21:01:04.321205400+00:00,::1,18,12,5
2026-04-07 21:01:04.342882100+00:00,::1,24,12,5
2026-04-07 21:01:04.832120600+00:00,::1,40,20,6
2026-04-07 21:01:04.832199500+00:00,::1,40,21,6
2026-04-07 21:01:04.832263100+00:00,::1,39,20,6
2026-04-07 21:01:04.832411300+00:00,::1,41,20,6
2026-04-07 21:01:04.836867800+00:00,::1,39,21,6
2026-04-07 21:01:04.838751200+00:00,::1,43,19,6
2026-04-07 21:01:05.053401600+00:00,::1,38,22,6
2026-04-07 21:01:05.211811900+00:00,::1,40,19,6
2026-04-07 21:01:05.236672500+00:00,::1,38,19,6
2026-04-07 21:01:05.253511700+00:00,::1,40,22,6
2026-04-07 21:01:05.263105400+00:00,::1,41,19,6
2026-04-07 21:01:05.278230400+00:00,::1,37,20,6
2026-04-07 21:01:05.367152700+00:00,::1,43,22,6
2026-04-07 21:01:05.467806700+00:00,::1,42,22,6
2026-04-07 21:01:05.585444800+00:00,::1,38,20,6
2026-04-07 21:01:05.593040900+00:00,::1,37,21,6
2026-04-07 21:01:05.633490700+00:00,::1,39,22,6
2026-04-07 21:01:05.650852200+00:00,::1,41,21,6
2026-04-07 21:01:05.738153400+00:00,::1,42,19,6
2026-04-07 21:01:05.772624600+00:00,::1,37,19,6
2026-04-07 21:01:05.787656900+00:00,::1,41,22,6
2026-04-07 21:01:05.794806800+00:00,::1,37,22,6
2026-04-07 21:01:05.802822400+00:00,::1,43,21,6
2026-04-07 21:01:05.974898400+00:00,::1,38,21,6
2026-04-07 21:01:05.997121100+00:00,::1,39,19,6
2026-04-07 21:01:06.121769600+00:00,::1,42,20,6
2026-04-07 21:01:06.151485800+00:00,::1,42,21,6
2026-04-07 21:01:06.220902700+00:00,::1,43,20,6
2026-04-07 21:01:06.363369800+00:00,::1,80,42,7
2026-04-07 21:01:06.363369800+00:00,::1,80,41,7
2026-04-07 21:01:06.371965300+00:00,::1,77,42,7
2026-04-07 21:01:06.371965300+00:00,::1,81,43,7
2026-04-07 21:01:06.375483600+00:00,::1,79,41,7
2026-04-07 21:01:06.379528600+00:00,::1,79,42,7
2026-04-07 21:01:06.776016+00:00,::1,83,42,7
2026-04-07 21:01:06.787170600+00:00,::1,81,42,7
2026-04-07 21:01:06.789282800+00:00,::1,83,43,7
2026-04-07 21:01:06.792111+00:00,::1,79,40,7
2026-04-07 21:01:06.859900400+00:00,::1,78,41,7
2026-04-07 21:01:06.989864500+00:00,::1,80,43,7
2026-04-07 21:01:07.053484+00:00,::1,83,41,7
2026-04-07 21:01:07.094024800+00:00,::1,82,40,7
2026-04-07 21:01:07.096828400+00:00,::1,79,43,7
2026-04-07 21:01:07.241655300+00:00,::1,82,43,7
2026-04-07 21:01:07.286522300+00:00,::1,77,41,7
2026-04-07 21:01:07.289716800+00:00,::1,80,40,7
2026-04-07 21:01:07.439257800+00:00,::1,81,41,7
2026-04-07 21:01:07.523799500+00:00,::1,77,43,7
2026-04-07 21:01:07.533225+00:00,::1,83,40,7
2026-04-07 21:01:07.571103700+00:00,::1,81,40,7
2026-04-07 21:01:07.574600900+00:00,::1,82,42,7
2026-04-07 21:01:07.603328700+00:00,::1,78,42,7
2026-04-07 21:01:07.854943+00:00,::1,78,43,7
2026-04-07 21:01:07.898234+00:00,::1,78,40,7
2026-04-07 21:01:07.905788200+00:00,::1,82,41,7
2026-04-07 21:01:07.931638100+00:00,::1,77,40,7
2026-04-07 21:01:12.382465100+00:00,::1,320,169,9
2026-04-07 21:01:12.382473100+00:00,::1,321,169,9
2026-04-07 21:01:12.382605+00:00,::1,321,170,9
2026-04-07 21:01:12.385584800+00:00,::1,322,169,9
2026-04-07 21:01:12.390042700+00:00,::1,322,170,9
2026-04-07 21:01:12.390042700+00:00,::1,320,170,9
2026-04-07 21:01:12.877651400+00:00,::1,322,171,9
2026-04-07 21:01:12.895490700+00:00,::1,320,171,9
2026-04-07 21:01:12.970362800+00:00,::1,323,169,9
2026-04-07 21:01:13.031339700+00:00,::1,319,171,9
2026-04-07 21:01:13.073274100+00:00,::1,324,169,9
2026-04-07 21:01:13.116667300+00:00,::1,323,171,9
2026-04-07 21:01:13.272631400+00:00,::1,319,170,9
2026-04-07 21:01:13.291808400+00:00,::1,320,168,9
2026-04-07 21:01:13.322547300+00:00,::1,318,170,9
2026-04-07 21:01:13.424530400+00:00,::1,322,168,9
2026-04-07 21:01:13.580167900+00:00,::1,319,168,9
2026-04-07 21:01:13.599195100+00:00,::1,323,168,9
2026-04-07 21:01:13.613232200+00:00,::1,318,169,9
2026-04-07 21:01:13.735244600+00:00,::1,324,170,9
2026-04-07 21:01:13.819698300+00:00,::1,323,170,9
2026-04-07 21:01:14.065264700+00:00,::1,1286,680,11
2026-04-07 21:01:14.065264700+00:00,::1,1286,679,11
2026-04-07 21:01:14.065273600+00:00,::1,1285,680,11
2026-04-07 21:01:14.065281600+00:00,::1,1287,680,11
2026-04-07 21:01:14.071131100+00:00,::1,1286,681,11
2026-04-07 21:01:14.072130900+00:00,::1,1285,679,11
2026-04-07 21:01:14.514073900+00:00,::1,1284,679,11
2026-04-07 21:01:14.522402300+00:00,::1,1289,680,11
2026-04-07 21:01:14.545458+00:00,::1,1283,680,11
2026-04-07 21:01:14.570960700+00:00,::1,1287,681,11
2026-04-07 21:01:14.721626700+00:00,::1,1283,679,11
2026-04-07 21:01:14.778104100+00:00,::1,1288,679,11
2026-04-07 21:01:14.929688200+00:00,::1,1285,681,11
2026-04-07 21:01:14.941829600+00:00,::1,1289,681,11
2026-04-07 21:01:15.068866200+00:00,::1,1284,680,11
2026-04-07 21:01:15.102003500+00:00,::1,1287,679,11
2026-04-07 21:01:15.143203+00:00,::1,1288,681,11
2026-04-07 21:01:15.170334200+00:00,::1,1283,681,11
2026-04-07 21:01:15.442976900+00:00,::1,1284,681,11
2026-04-07 21:01:15.450869500+00:00,::1,1288,680,11
2026-04-07 21:01:15.475245+00:00,::1,1289,679,11
2026-04-07 21:01:16.315186100+00:00,::1,2572,1360,12
2026-04-07 21:01:16.315195800+00:00,::1,2573,1360,12
2026-04-07 21:01:16.315237200+00:00,::1,2572,1361,12
2026-04-07 21:01:16.316763100+00:00,::1,2573,1361,12
2026-04-07 21:01:16.319817600+00:00,::1,2571,1361,12
2026-04-07 21:01:16.320311900+00:00,::1,2571,1360,12
2026-04-07 21:01:16.763552100+00:00,::1,2573,1362,12
2026-04-07 21:01:16.778904400+00:00,::1,2572,1359,12
2026-04-07 21:01:16.786298700+00:00,::1,2570,1360,12
2026-04-07 21:01:16.814648+00:00,::1,2571,1359,12
2026-04-07 21:01:16.817308500+00:00,::1,2571,1362,12
2026-04-07 21:01:17.056493500+00:00,::1,2574,1360,12
2026-04-07 21:01:17.119186300+00:00,::1,2574,1359,12
2026-04-07 21:01:17.165660+00:00,::1,2570,1361,12
2026-04-07 21:01:17.250751400+00:00,::1,2570,1359,12
2026-04-07 21:01:17.368280200+00:00,::1,2569,1361,12
2026-04-07 21:01:17.532192800+00:00,::1,2570,1362,12
2026-04-07 21:01:17.545615200+00:00,::1,5142,2722,13
2026-04-07 21:01:17.545616100+00:00,::1,5141,2723,13
2026-04-07 21:01:17.545617200+00:00,::1,5143,2721,13
2026-04-07 21:01:17.545631300+00:00,::1,5142,2723,13
2026-04-07 21:01:17.545652600+00:00,::1,5145,2724,13
2026-04-07 21:01:17.545654700+00:00,::1,5141,2722,13
2026-04-07 21:01:17.973233800+00:00,::1,5143,2723,13
2026-04-07 21:01:17.986515100+00:00,::1,5146,2724,13
2026-04-07 21:01:18.031341900+00:00,::1,5145,2721,13
2026-04-07 21:01:18.051129500+00:00,::1,5144,2723,13
2026-04-07 21:01:18.427383400+00:00,::1,5142,2724,13
2026-04-07 21:01:18.494951900+00:00,::1,5146,2723,13
2026-04-07 21:01:18.519046600+00:00,::1,5144,2724,13
2026-04-07 21:01:18.586794+00:00,::1,5145,2723,13
2026-04-07 21:01:18.681666900+00:00,::1,5143,2722,13
2026-04-07 21:01:18.718905+00:00,::1,5141,2721,13
2026-04-07 21:01:18.733977200+00:00,::1,5147,2723,13
2026-04-07 21:01:18.761867900+00:00,::1,5145,2722,13
2026-04-07 21:01:18.940350300+00:00,::1,5144,2721,13
2026-04-07 21:01:19.031720500+00:00,::1,5147,2722,13
2026-04-07 21:01:19.036570800+00:00,::1,5142,2721,13
2026-04-07 21:01:19.075828100+00:00,::1,5146,2722,13
2026-04-07 21:01:19.272675100+00:00,::1,5144,2722,13
2026-04-07 21:01:19.316802200+00:00,::1,5143,2724,13
2026-04-07 21:01:19.331666200+00:00,::1,5146,2721,13
2026-04-07 21:01:19.441275300+00:00,::1,5147,2721,13
2026-04-07 21:01:19.531365200+00:00,::1,5141,2724,13
2026-04-07 21:01:19.552915400+00:00,::1,5147,2724,13
2026-04-07 21:01:19.777206900+00:00,::1,5144,2725,13
2026-04-07 21:01:19.777206900+00:00,::1,5145,2725,13
2026-04-07 21:01:19.777230800+00:00,::1,5143,2725,13
2026-04-07 21:01:19.777237500+00:00,::1,5142,2725,13
2026-04-07 21:01:20.007575+00:00,::1,5147,2725,13
2026-04-07 21:01:20.096191700+00:00,::1,5146,2725,13
2026-04-07 21:01:20.100779200+00:00,::1,5141,2725,13
2026-04-07 21:01:20.937138400+00:00,::1,5145,2726,13
2026-04-07 21:01:20.937429500+00:00,::1,5144,2726,13
2026-04-07 21:01:20.937573400+00:00,::1,5146,2726,13
2026-04-07 21:01:20.942210300+00:00,::1,5148,2724,13
2026-04-07 21:01:20.942819500+00:00,::1,5147,2726,13
2026-04-07 21:01:20.942847800+00:00,::1,5143,2726,13
2026-04-07 21:01:21.326396400+00:00,::1,5148,2723,13
2026-04-07 21:01:21.330159600+00:00,::1,5148,2725,13
2026-04-07 21:01:21.416854800+00:00,::1,5142,2726,13
2026-04-07 21:01:21.452097600+00:00,::1,5148,2726,13
2026-04-07 21:01:21.663035900+00:00,::1,5149,2724,13
2026-04-07 21:01:21.663038900+00:00,::1,5149,2725,13
2026-04-07 21:01:21.663040700+00:00,::1,5149,2726,13
2026-04-07 21:01:23.370728400+00:00,::1,10292,5451,14
2026-04-07 21:01:23.370728400+00:00,::1,10291,5450,14
2026-04-07 21:01:23.370728400+00:00,::1,10293,5450,14
2026-04-07 21:01:23.370782300+00:00,::1,10292,5450,14
2026-04-07 21:01:23.374558100+00:00,::1,10293,5451,14
2026-04-07 21:01:23.377006300+00:00,::1,10291,5451,14
2026-04-07 21:01:23.761334900+00:00,::1,10289,5452,14
2026-04-07 21:01:23.772454900+00:00,::1,10290,5452,14
2026-04-07 21:01:23.866412400+00:00,::1,10291,5449,14
2026-04-07 21:01:23.872011400+00:00,::1,10295,5449,14
2026-04-07 21:01:23.949474+00:00,::1,10295,5452,14
2026-04-07 21:01:24.056935300+00:00,::1,10293,5452,14
2026-04-07 21:01:24.063714300+00:00,::1,10290,5451,14
2026-04-07 21:01:24.236637700+00:00,::1,10290,5449,14
2026-04-07 21:01:24.248907600+00:00,::1,10290,5450,14
2026-04-07 21:01:24.264007900+00:00,::1,10295,5450,14
2026-04-07 21:01:24.309469900+00:00,::1,10295,5451,14
2026-04-07 21:01:24.335977600+00:00,::1,10289,5450,14
2026-04-07 21:01:24.608395500+00:00,::1,10289,5449,14
2026-04-07 21:01:24.634274100+00:00,::1,10292,5449,14
2026-04-07 21:01:24.653983+00:00,::1,10294,5450,14
2026-04-07 21:01:24.703740600+00:00,::1,10294,5451,14
2026-04-07 21:01:24.706344200+00:00,::1,10292,5452,14
2026-04-07 21:01:24.791784400+00:00,::1,10293,5449,14
2026-04-07 21:01:24.952325200+00:00,::1,10294,5449,14
2026-04-07 21:01:24.957587+00:00,::1,10294,5452,14
2026-04-07 21:01:25.214828600+00:00,::1,10291,5452,14
2026-04-07 21:01:25.224420100+00:00,::1,10289,5451,14
2026-04-07 21:01:25.260770500+00:00,::1,10296,5451,14
2026-04-07 21:01:25.315757+00:00,::1,10296,5450,14
2026-04-07 21:01:25.319724300+00:00,::1,10296,5449,14
2026-04-07 21:01:25.371061700+00:00,::1,10296,5452,14
2026-04-07 21:01:25.592517100+00:00,::1,10297,5452,14
2026-04-07 21:01:25.597703600+00:00,::1,10297,5450,14
2026-04-07 21:01:25.614229600+00:00,::1,10297,5451,14
2026-04-07 21:01:25.617486400+00:00,::1,10297,5449,14
2026-04-07 21:01:26.045325600+00:00,::1,20589,10901,15
2026-04-07 21:01:26.045408+00:00,::1,20589,10900,15
2026-04-07 21:01:26.047850600+00:00,::1,20588,10900,15
2026-04-07 21:01:26.053069600+00:00,::1,20591,10899,15
2026-04-07 21:01:26.053069600+00:00,::1,20591,10900,15
2026-04-07 21:01:26.054166200+00:00,::1,20589,10899,15
2026-04-07 21:01:26.338493700+00:00,::1,20590,10902,15
2026-04-07 21:01:26.426339500+00:00,::1,20588,10899,15
2026-04-07 21:01:26.522091400+00:00,::1,20586,10901,15
2026-04-07 21:01:26.530495500+00:00,::1,20586,10900,15
2026-04-07 21:01:26.732892800+00:00,::1,20587,10899,15
2026-04-07 21:01:26.738176300+00:00,::1,20592,10901,15
2026-04-07 21:01:26.816628100+00:00,::1,20590,10901,15
2026-04-07 21:01:26.839379300+00:00,::1,20591,10901,15
2026-04-07 21:01:26.881581200+00:00,::1,20592,10899,15
2026-04-07 21:01:27.069639300+00:00,::1,20586,10902,15
2026-04-07 21:01:27.100937+00:00,::1,20589,10902,15
2026-04-07 21:01:27.125955700+00:00,::1,20592,10900,15
2026-04-07 21:01:27.139952400+00:00,::1,20590,10900,15
2026-04-07 21:01:27.145337700+00:00,::1,20587,10900,15
2026-04-07 21:01:27.150086800+00:00,::1,20592,10902,15
2026-04-07 21:01:27.339010700+00:00,::1,20588,10901,15
2026-04-07 21:01:27.384451800+00:00,::1,20586,10899,15
2026-04-07 21:01:27.387073200+00:00,::1,20587,10902,15
2026-04-07 21:01:27.432787600+00:00,::1,20587,10901,15
2026-04-07 21:01:27.453282+00:00,::1,20591,10902,15
2026-04-07 21:01:27.668868800+00:00,::1,20590,10899,15
2026-04-07 21:01:27.686110500+00:00,::1,20588,10902,15
2026-04-07 21:01:29.364493700+00:00,::1,20591,10898,15
2026-04-07 21:01:29.364493700+00:00,::1,20590,10898,15
2026-04-07 21:01:29.366165600+00:00,::1,20593,10899,15
2026-04-07 21:01:29.366333400+00:00,::1,20588,10898,15
2026-04-07 21:01:29.366793+00:00,::1,20592,10898,15
2026-04-07 21:01:29.372461100+00:00,::1,20589,10898,15
2026-04-07 21:01:29.649641800+00:00,::1,20593,10901,15
2026-04-07 21:01:29.799689+00:00,::1,20587,10898,15
2026-04-07 21:01:29.830230400+00:00,::1,20593,10900,15
2026-04-07 21:01:29.837652300+00:00,::1,41178,21800,16
2026-04-07 21:01:29.840855400+00:00,::1,41179,21799,16
2026-04-07 21:01:29.843287800+00:00,::1,41180,21799,16
2026-04-07 21:01:29.846605700+00:00,::1,41180,21801,16
2026-04-07 21:01:29.854003500+00:00,::1,41179,21801,16
2026-04-07 21:01:29.858392800+00:00,::1,41180,21800,16
2026-04-07 21:01:30.228864400+00:00,::1,41182,21800,16
2026-04-07 21:01:30.255298900+00:00,::1,41177,21801,16
2026-04-07 21:01:30.278126600+00:00,::1,41181,21802,16
2026-04-07 21:01:30.280349800+00:00,::1,41178,21801,16
2026-04-07 21:01:30.300783+00:00,::1,41182,21799,16
2026-04-07 21:01:30.375845300+00:00,::1,41182,21802,16
2026-04-07 21:01:30.538362200+00:00,::1,41177,21800,16
2026-04-07 21:01:30.603219200+00:00,::1,41182,21801,16
2026-04-07 21:01:30.698223100+00:00,::1,41178,21802,16
2026-04-07 21:01:30.710019700+00:00,::1,41181,21800,16
2026-04-07 21:01:30.785796600+00:00,::1,41176,21800,16
2026-04-07 21:01:30.857486100+00:00,::1,41177,21802,16
2026-04-07 21:01:30.973352400+00:00,::1,41178,21799,16
2026-04-07 21:01:31.027140200+00:00,::1,41176,21799,16
2026-04-07 21:01:31.053105500+00:00,::1,41179,21800,16
2026-04-07 21:01:31.115741700+00:00,::1,41181,21799,16
2026-04-07 21:01:31.132078400+00:00,::1,41177,21799,16
2026-04-07 21:01:31.235147100+00:00,::1,41179,21802,16
2026-04-07 21:01:31.282085100+00:00,::1,41180,21802,16
2026-04-07 21:01:31.297436700+00:00,::1,41181,21801,16
2026-04-07 21:01:31.358285500+00:00,::1,41176,21801,16
2026-04-07 21:01:31.418015100+00:00,::1,41176,21802,16
2026-04-07 21:01:31.529737400+00:00,::1,41175,21800,16
2026-04-07 21:01:31.537020900+00:00,::1,41175,21801,16
2026-04-07 21:01:31.633269800+00:00,::1,41175,21799,16
2026-04-07 21:01:31.821310300+00:00,::1,41175,21802,16
2026-04-07 21:01:32.871072400+00:00,::1,20585,10901,15
2026-04-07 21:01:32.871122200+00:00,::1,20585,10900,15
2026-04-07 21:01:32.871436700+00:00,::1,20585,10899,15
2026-04-07 21:01:32.875516500+00:00,::1,20585,10902,15
2026-04-07 21:01:33.465145300+00:00,::1,41175,21800,16
2026-04-07 21:01:33.465868700+00:00,::1,41175,21802,16
2026-04-07 21:01:33.465868700+00:00,::1,41175,21801,16
2026-04-07 21:01:33.465885200+00:00,::1,41175,21799,16
2026-04-07 21:01:33.468728600+00:00,::1,41174,21800,16
2026-04-07 21:01:33.471801600+00:00,::1,41174,21801,16
2026-04-07 21:01:33.643261300+00:00,::1,41174,21799,16
2026-04-07 21:01:33.643268500+00:00,::1,41174,21802,16
2026-04-07 21:01:33.651877+00:00,::1,41173,21800,16
2026-04-07 21:01:33.652621300+00:00,::1,41173,21801,16
2026-04-07 21:01:33.911638+00:00,::1,41173,21799,16
2026-04-07 21:01:33.966941700+00:00,::1,41173,21802,16
2026-04-07 21:01:36.077605700+00:00,::1,41172,21799,16
2026-04-07 21:01:36.077605700+00:00,::1,41172,21801,16
2026-04-07 21:01:36.077615500+00:00,::1,41172,21800,16
2026-04-07 21:01:36.078931800+00:00,::1,41172,21802,16
2026-04-07 21:01:36.812466+00:00,::1,20584,10900,15
2026-04-07 21:01:36.813294500+00:00,::1,20584,10899,15
2026-04-07 21:01:36.814130400+00:00,::1,20584,10901,15
2026-04-07 21:01:36.829974+00:00,::1,10294,5449,14
2026-04-07 21:01:36.830052+00:00,::1,10293,5449,14
2026-04-07 21:01:36.830907100+00:00,::1,10293,5450,14
2026-04-07 21:01:36.834209900+00:00,::1,10294,5450,14
2026-04-07 21:01:36.835870900+00:00,::1,10295,5450,14
2026-04-07 21:01:36.836577+00:00,::1,10292,5450,14
2026-04-07 21:01:37.017587100+00:00,::1,10295,5449,14
2026-04-07 21:01:37.039441200+00:00,::1,10292,5449,14
2026-04-07 21:01:37.076942300+00:00,::1,10293,5448,14
2026-04-07 21:01:37.076942300+00:00,::1,10294,5448,14
2026-04-07 21:01:37.076942300+00:00,::1,10294,5451,14
2026-04-07 21:01:37.076942400+00:00,::1,10295,5448,14
2026-04-07 21:01:37.167262200+00:00,::1,10291,5448,14
2026-04-07 21:01:37.177847700+00:00,::1,10297,5448,14
2026-04-07 21:01:37.222850300+00:00,::1,10297,5449,14
2026-04-07 21:01:37.327681+00:00,::1,10297,5451,14
2026-04-07 21:01:37.384455600+00:00,::1,10292,5448,14
2026-04-07 21:01:37.442412700+00:00,::1,10296,5448,14
2026-04-07 21:01:37.465732600+00:00,::1,10291,5449,14
2026-04-07 21:01:37.471117800+00:00,::1,10293,5451,14
2026-04-07 21:01:37.551221500+00:00,::1,10292,5451,14
2026-04-07 21:01:37.588014700+00:00,::1,10296,5451,14
2026-04-07 21:01:37.607061600+00:00,::1,10291,5451,14
2026-04-07 21:01:37.659592800+00:00,::1,10295,5451,14
2026-04-07 21:01:37.738851800+00:00,::1,10296,5450,14
2026-04-07 21:01:37.742042600+00:00,::1,10297,5450,14
2026-04-07 21:01:37.762587400+00:00,::1,10296,5449,14
2026-04-07 21:01:37.763759400+00:00,::1,10291,5450,14
2026-04-07 21:01:39.163255500+00:00,::1,10298,5450,14
2026-04-07 21:01:39.163255500+00:00,::1,10298,5449,14
2026-04-07 21:01:39.163255600+00:00,::1,10298,5451,14
2026-04-07 21:01:39.163255600+00:00,::1,10298,5448,14
2026-04-07 21:01:39.999781500+00:00,::1,10296,5447,14
2026-04-07 21:01:39.999781500+00:00,::1,10295,5447,14
2026-04-07 21:01:39.999815500+00:00,::1,10297,5447,14
2026-04-07 21:01:39.999815500+00:00,::1,10294,5447,14
2026-04-07 21:01:40.000787500+00:00,::1,10298,5447,14
2026-04-07 21:01:40.001031700+00:00,::1,10299,5448,14
2026-04-07 21:01:40.319446600+00:00,::1,10293,5447,14
2026-04-07 21:01:40.341089900+00:00,::1,10299,5450,14
2026-04-07 21:01:40.355854700+00:00,::1,10299,5449,14
2026-04-07 21:01:40.371608200+00:00,::1,10299,5447,14
2026-04-07 21:01:41.429429500+00:00,::1,10299,5451,14
2026-04-07 21:01:41.583204+00:00,::1,10300,5448,14
2026-04-07 21:01:41.583204+00:00,::1,10300,5450,14
2026-04-07 21:01:41.583226700+00:00,::1,10300,5449,14
2026-04-07 21:01:41.584541800+00:00,::1,10300,5451,14
2026-04-07 21:01:46.779147900+00:00,::1,41179,21799,16
2026-04-07 21:01:46.779252300+00:00,::1,41180,21800,16
2026-04-07 21:01:46.779460800+00:00,::1,41181,21799,16
2026-04-07 21:01:46.780972300+00:00,::1,41179,21800,16
2026-04-07 21:01:46.781085600+00:00,::1,41180,21799,16
2026-04-07 21:01:46.781540200+00:00,::1,41181,21800,16
2026-04-07 21:01:46.949163100+00:00,::1,41180,21798,16
2026-04-07 21:01:46.956810300+00:00,::1,41179,21798,16
2026-04-07 21:01:46.960243500+00:00,::1,41178,21800,16
2026-04-07 21:01:46.967271800+00:00,::1,41177,21798,16
2026-04-07 21:01:46.968604800+00:00,::1,41178,21798,16
2026-04-07 21:01:46.974217300+00:00,::1,41183,21799,16
2026-04-07 21:01:47.128669400+00:00,::1,41181,21798,16
2026-04-07 21:01:47.280005700+00:00,::1,41183,21801,16
2026-04-07 21:01:47.305530400+00:00,::1,41182,21798,16
2026-04-07 21:01:47.412420300+00:00,::1,41183,21800,16
2026-04-07 21:01:47.423201600+00:00,::1,41183,21798,16
2026-04-07 21:01:47.434751600+00:00,::1,41180,21801,16
2026-04-07 21:01:47.563822+00:00,::1,41177,21800,16
2026-04-07 21:01:47.607698400+00:00,::1,41178,21799,16
2026-04-07 21:01:47.666293900+00:00,::1,41177,21799,16
2026-04-07 21:01:47.695911400+00:00,::1,41177,21801,16
2026-04-07 21:01:47.723330500+00:00,::1,41178,21801,16
2026-04-07 21:01:47.805071900+00:00,::1,41182,21799,16
2026-04-07 21:01:47.808522200+00:00,::1,41182,21801,16
2026-04-07 21:01:47.835207600+00:00,::1,41179,21801,16
2026-04-07 21:01:47.838168700+00:00,::1,41182,21800,16
2026-04-07 21:01:47.848369300+00:00,::1,41181,21801,16
2026-04-07 21:01:48.777280800+00:00,::1,41176,21801,16
2026-04-07 21:01:48.777280800+00:00,::1,41176,21798,16
2026-04-07 21:01:48.777280800+00:00,::1,41176,21800,16
2026-04-07 21:01:48.777293500+00:00,::1,41176,21799,16
2026-04-07 21:01:48.778183200+00:00,::1,41175,21799,16
2026-04-07 21:01:48.778502100+00:00,::1,41175,21800,16
2026-04-07 21:01:48.972081700+00:00,::1,41175,21798,16
2026-04-07 21:01:48.973651800+00:00,::1,41175,21801,16
2026-04-07 21:01:49.426356800+00:00,::1,41176,21802,16
2026-04-07 21:01:49.426357100+00:00,::1,41177,21802,16
2026-04-07 21:01:49.426392+00:00,::1,41178,21802,16
2026-04-07 21:01:49.426429500+00:00,::1,41175,21802,16
2026-04-07 21:01:49.426908500+00:00,::1,41174,21800,16
2026-04-07 21:01:49.427140100+00:00,::1,41179,21802,16
2026-04-07 21:01:49.593601500+00:00,::1,41180,21802,16
2026-04-07 21:01:49.595592900+00:00,::1,41174,21801,16
2026-04-07 21:01:49.618195900+00:00,::1,41174,21799,16
2026-04-07 21:01:49.652983700+00:00,::1,41174,21802,16
2026-04-07 21:01:49.976657400+00:00,::1,41173,21801,16
2026-04-07 21:01:49.976657400+00:00,::1,41173,21800,16
2026-04-07 21:01:49.976657500+00:00,::1,41173,21802,16
2026-04-07 21:01:49.976666300+00:00,::1,41173,21799,16
2026-04-07 21:01:50.664240100+00:00,::1,41172,21800,16
2026-04-07 21:01:50.664241200+00:00,::1,41172,21799,16
2026-04-07 21:01:50.664241200+00:00,::1,41172,21801,16
2026-04-07 21:01:50.664251+00:00,::1,41172,21802,16
2026-04-07 21:01:51.277478300+00:00,::1,41174,21798,16
2026-04-07 21:01:51.277478300+00:00,::1,41173,21798,16
2026-04-07 21:01:51.682253800+00:00,::1,41176,21797,16
2026-04-07 21:01:51.683489400+00:00,::1,41178,21797,16
2026-04-07 21:01:51.683504600+00:00,::1,41179,21797,16
2026-04-07 21:01:51.683508900+00:00,::1,41177,21797,16
2026-04-07 21:01:51.685185600+00:00,::1,41180,21797,16
2026-04-07 21:01:51.685197700+00:00,::1,41181,21798,16
2026-04-07 21:01:51.852919400+00:00,::1,41181,21800,16
2026-04-07 21:01:51.976192800+00:00,::1,41175,21797,16
2026-04-07 21:01:51.989727700+00:00,::1,41181,21797,16
2026-04-07 21:01:52.046453500+00:00,::1,41181,21799,16
2026-04-07 21:01:52.098300100+00:00,::1,41182,21797,16
2026-04-07 21:01:52.124721800+00:00,::1,41182,21798,16
2026-04-07 21:01:52.146123100+00:00,::1,41182,21799,16
2026-04-07 21:01:52.913724500+00:00,::1,41180,21796,16
2026-04-07 21:01:52.913840900+00:00,::1,41181,21796,16
2026-04-07 21:01:52.915552400+00:00,::1,41179,21796,16
2026-04-07 21:01:52.915560400+00:00,::1,41182,21796,16
2026-04-07 21:01:52.915562200+00:00,::1,41183,21797,16
2026-04-07 21:01:52.916536600+00:00,::1,41178,21796,16
2026-04-07 21:01:53.170256700+00:00,::1,41183,21796,16
2026-04-07 21:01:53.184794200+00:00,::1,41177,21796,16
2026-04-07 21:01:53.202316200+00:00,::1,41183,21798,16
2026-04-07 21:01:53.254246700+00:00,::1,41183,21799,16
2026-04-07 21:01:53.530564500+00:00,::1,41180,21795,16
2026-04-07 21:01:53.530564500+00:00,::1,41181,21795,16
2026-04-07 21:01:53.530564500+00:00,::1,41178,21795,16
2026-04-07 21:01:53.530564500+00:00,::1,41179,21795,16
2026-04-07 21:01:53.533757+00:00,::1,41182,21795,16
2026-04-07 21:01:53.741223100+00:00,::1,41177,21795,16
2026-04-07 21:01:53.854657900+00:00,::1,41183,21795,16
2026-04-07 21:01:53.957268+00:00,::1,41184,21797,16
2026-04-07 21:01:54.107333500+00:00,::1,41184,21795,16
2026-04-07 21:01:54.194971600+00:00,::1,41184,21796,16
2026-04-07 21:01:54.590979+00:00,::1,41181,21794,16
2026-04-07 21:01:54.591314500+00:00,::1,41179,21794,16
2026-04-07 21:01:54.591364400+00:00,::1,41180,21794,16
2026-04-07 21:01:54.591368100+00:00,::1,41182,21794,16
2026-04-07 21:01:54.596724+00:00,::1,41178,21794,16
2026-04-07 21:01:54.597086200+00:00,::1,41183,21794,16
2026-04-07 21:01:54.984622500+00:00,::1,41184,21794,16
2026-04-07 21:01:55.299040800+00:00,::1,164725,87184,18
2026-04-07 21:01:55.299041900+00:00,::1,164726,87184,18
2026-04-07 21:01:55.299059900+00:00,::1,164725,87185,18
2026-04-07 21:01:55.299100700+00:00,::1,164724,87184,18
2026-04-07 21:01:55.305484+00:00,::1,164724,87185,18
2026-04-07 21:01:55.307880100+00:00,::1,164726,87185,18
2026-04-07 21:01:55.649505800+00:00,::1,164723,87185,18
2026-04-07 21:01:55.658248100+00:00,::1,164722,87184,18
2026-04-07 21:01:55.689292200+00:00,::1,164724,87186,18
2026-04-07 21:01:55.720475600+00:00,::1,164727,87185,18
2026-04-07 21:01:55.723728200+00:00,::1,164723,87186,18
2026-04-07 21:01:55.863958500+00:00,::1,164725,87183,18
2026-04-07 21:01:56.022596100+00:00,::1,164724,87183,18
2026-04-07 21:01:56.033057900+00:00,::1,164723,87183,18
2026-04-07 21:01:56.038600800+00:00,::1,164728,87185,18
2026-04-07 21:01:56.066206100+00:00,::1,164722,87183,18
2026-04-07 21:01:56.132501800+00:00,::1,164723,87184,18
2026-04-07 21:01:56.329842400+00:00,::1,164728,87183,18
2026-04-07 21:01:56.399564900+00:00,::1,164727,87184,18
2026-04-07 21:01:56.449992400+00:00,::1,164726,87186,18
2026-04-07 21:01:56.452612800+00:00,::1,164722,87186,18
2026-04-07 21:01:56.532244800+00:00,::1,164727,87186,18
2026-04-07 21:01:56.573723200+00:00,::1,164728,87186,18
2026-04-07 21:01:56.733659400+00:00,::1,164727,87183,18
2026-04-07 21:01:56.763128700+00:00,::1,164728,87184,18
2026-04-07 21:01:56.819268300+00:00,::1,164725,87186,18
2026-04-07 21:01:56.870430100+00:00,::1,164722,87185,18
2026-04-07 21:01:56.968163500+00:00,::1,164726,87183,18
2026-04-07 21:01:57.137919400+00:00,::1,164721,87184,18
2026-04-07 21:01:57.170506+00:00,::1,164721,87185,18
2026-04-07 21:01:57.231453300+00:00,::1,164721,87186,18
2026-04-07 21:01:57.238373800+00:00,::1,164721,87183,18
2026-04-07 21:01:58.944321700+00:00,::1,82363,43592,17
2026-04-07 21:01:58.944339+00:00,::1,82362,43591,17
2026-04-07 21:01:58.944348300+00:00,::1,82362,43592,17
2026-04-07 21:01:58.944348800+00:00,::1,82363,43591,17
2026-04-07 21:01:58.947513+00:00,::1,82362,43593,17
2026-04-07 21:01:58.947777900+00:00,::1,82363,43593,17
2026-04-07 21:01:59.267609100+00:00,::1,82361,43592,17
2026-04-07 21:01:59.371467300+00:00,::1,82364,43592,17
2026-04-07 21:01:59.404002500+00:00,::1,82361,43591,17
2026-04-07 21:01:59.535890800+00:00,::1,82364,43591,17
2026-04-07 21:01:59.620541300+00:00,::1,82361,43593,17
2026-04-07 21:01:59.714950400+00:00,::1,82364,43593,17
2026-04-07 21:01:59.737142300+00:00,::1,82365,43592,17
2026-04-07 21:01:59.837361200+00:00,::1,82361,43594,17
2026-04-07 21:01:59.849431600+00:00,::1,82360,43593,17
2026-04-07 21:01:59.953261600+00:00,::1,82359,43593,17
2026-04-07 21:02:00.024756600+00:00,::1,82363,43594,17
2026-04-07 21:02:00.073099+00:00,::1,82360,43591,17
2026-04-07 21:02:00.077044600+00:00,::1,82362,43594,17
2026-04-07 21:02:00.134658700+00:00,::1,82360,43592,17
2026-04-07 21:02:00.172665700+00:00,::1,82365,43591,17
2026-04-07 21:02:00.264582500+00:00,::1,82360,43594,17
2026-04-07 21:02:00.280538200+00:00,::1,82365,43593,17
2026-04-07 21:02:00.435128200+00:00,::1,82359,43592,17
2026-04-07 21:02:00.513479400+00:00,::1,82365,43594,17
2026-04-07 21:02:00.513479400+00:00,::1,82359,43591,17
2026-04-07 21:02:00.517447500+00:00,::1,82359,43594,17
2026-04-07 21:02:00.520016+00:00,::1,41181,21797,16
2026-04-07 21:02:00.522002800+00:00,::1,41180,21795,16
2026-04-07 21:02:00.523940600+00:00,::1,41180,21796,16
2026-04-07 21:02:00.525446100+00:00,::1,41181,21796,16
2026-04-07 21:02:00.528193900+00:00,::1,41179,21795,16
2026-04-07 21:02:00.530576+00:00,::1,41181,21795,16
2026-04-07 21:02:00.751341700+00:00,::1,41179,21796,16
2026-04-07 21:02:00.779961200+00:00,::1,41180,21797,16
2026-04-07 21:02:00.797231800+00:00,::1,41182,21796,16
2026-04-07 21:02:00.800600900+00:00,::1,41182,21795,16
2026-04-07 21:02:00.811548100+00:00,::1,41179,21797,16
2026-04-07 21:02:00.815164800+00:00,::1,41182,21797,16
2026-04-07 21:02:00.884385300+00:00,::1,41184,21797,16
2026-04-07 21:02:00.941200700+00:00,::1,41183,21795,16
2026-04-07 21:02:00.959895500+00:00,::1,41183,21797,16
2026-04-07 21:02:00.973295700+00:00,::1,41178,21797,16
2026-04-07 21:02:00.997846400+00:00,::1,41183,21796,16
2026-04-07 21:02:01.008473500+00:00,::1,41178,21796,16
2026-04-07 21:02:01.034661500+00:00,::1,41184,21796,16
2026-04-07 21:02:01.064137400+00:00,::1,41178,21795,16
2026-04-07 21:02:01.089848300+00:00,::1,41184,21795,16
2026-04-07 21:02:01.244489300+00:00,::1,20590,10897,15
2026-04-07 21:02:01.244493300+00:00,::1,20591,10897,15
2026-04-07 21:02:01.245491100+00:00,::1,20589,10897,15
2026-04-07 21:02:01.245509900+00:00,::1,20590,10898,15
2026-04-07 21:02:01.245514700+00:00,::1,20591,10898,15
2026-04-07 21:02:01.249432600+00:00,::1,20592,10897,15
2026-04-07 21:02:01.412791900+00:00,::1,20589,10898,15
2026-04-07 21:02:01.434160300+00:00,::1,20592,10898,15
2026-04-07 21:02:01.519695700+00:00,::1,20588,10898,15
2026-04-07 21:02:01.529073800+00:00,::1,20587,10897,15
2026-04-07 21:02:01.532120300+00:00,::1,20587,10898,15
2026-04-07 21:02:01.532120300+00:00,::1,20587,10896,15
2026-04-07 21:02:01.532120400+00:00,::1,20593,10898,15
2026-04-07 21:02:01.534694400+00:00,::1,20593,10897,15
2026-04-07 21:02:01.537778300+00:00,::1,20593,10896,15
2026-04-07 21:02:01.541239600+00:00,::1,10295,5448,14
2026-04-07 21:02:01.544352700+00:00,::1,10294,5449,14
2026-04-07 21:02:01.548383400+00:00,::1,10297,5448,14
2026-04-07 21:02:01.553068300+00:00,::1,10297,5449,14
2026-04-07 21:02:01.559271500+00:00,::1,10296,5449,14
2026-04-07 21:02:01.564515400+00:00,::1,10296,5448,14
2026-04-07 21:02:01.865088700+00:00,::1,10295,5449,14
2026-04-07 21:02:01.870919500+00:00,::1,10294,5448,14
2026-04-07 21:02:01.886506400+00:00,::1,10292,5447,14
2026-04-07 21:02:01.891233700+00:00,::1,10293,5447,14
2026-04-07 21:02:01.944457800+00:00,::1,10297,5447,14
2026-04-07 21:02:01.987611+00:00,::1,10295,5450,14
2026-04-07 21:02:02.020487700+00:00,::1,10296,5450,14
2026-04-07 21:02:02.028431100+00:00,::1,10292,5448,14
2026-04-07 21:02:02.043324500+00:00,::1,10296,5447,14
2026-04-07 21:02:02.120884700+00:00,::1,10295,5447,14
2026-04-07 21:02:02.152792900+00:00,::1,10293,5448,14
2026-04-07 21:02:02.166616+00:00,::1,10293,5450,14
2026-04-07 21:02:02.218154+00:00,::1,10294,5450,14
2026-04-07 21:02:02.369442900+00:00,::1,10294,5447,14
2026-04-07 21:02:02.379397400+00:00,::1,10292,5449,14
2026-04-07 21:02:02.388716500+00:00,::1,10298,5449,14
2026-04-07 21:02:02.396160100+00:00,::1,10293,5449,14
2026-04-07 21:02:02.400418700+00:00,::1,10298,5448,14
2026-04-07 21:02:02.411224900+00:00,::1,10297,5450,14
2026-04-07 21:02:02.608553800+00:00,::1,10298,5447,14
2026-04-07 21:02:02.608639500+00:00,::1,10292,5450,14
2026-04-07 21:02:02.636489700+00:00,::1,10298,5450,14
2026-04-07 21:02:02.863134+00:00,::1,10294,5451,14
2026-04-07 21:02:02.863170800+00:00,::1,10295,5451,14
2026-04-07 21:02:02.863192500+00:00,::1,10296,5451,14
2026-04-07 21:02:02.863242300+00:00,::1,10293,5451,14
2026-04-07 21:02:02.863768600+00:00,::1,10297,5451,14
2026-04-07 21:02:02.864392600+00:00,::1,10292,5451,14
2026-04-07 21:02:03.068430300+00:00,::1,10298,5451,14
2026-04-07 21:02:04.629148500+00:00,::1,41176,21801,16
2026-04-07 21:02:04.629185200+00:00,::1,41177,21802,16
2026-04-07 21:02:04.629404500+00:00,::1,41177,21801,16
2026-04-07 21:02:04.630040900+00:00,::1,41178,21801,16
2026-04-07 21:02:04.633834300+00:00,::1,41176,21802,16
2026-04-07 21:02:04.634307200+00:00,::1,41178,21802,16
2026-04-07 21:02:04.807443200+00:00,::1,41175,21803,16
2026-04-07 21:02:04.829906500+00:00,::1,41179,21801,16
2026-04-07 21:02:04.840499800+00:00,::1,41174,21801,16
2026-04-07 21:02:04.840584500+00:00,::1,41178,21803,16
2026-04-07 21:02:04.850242500+00:00,::1,41176,21803,16
2026-04-07 21:02:04.852415900+00:00,::1,41174,21803,16
2026-04-07 21:02:04.987453600+00:00,::1,41179,21803,16
2026-04-07 21:02:05.022308500+00:00,::1,41177,21800,16
2026-04-07 21:02:05.128866700+00:00,::1,41175,21802,16
2026-04-07 21:02:05.178870+00:00,::1,41174,21802,16
2026-04-07 21:02:05.245308300+00:00,::1,41180,21802,16
2026-04-07 21:02:05.281385600+00:00,::1,41179,21802,16
2026-04-07 21:02:05.323970700+00:00,::1,41174,21800,16
2026-04-07 21:02:05.368207300+00:00,::1,41180,21800,16
2026-04-07 21:02:05.387847200+00:00,::1,41178,21800,16
2026-04-07 21:02:05.412523900+00:00,::1,41176,21800,16
2026-04-07 21:02:05.444281800+00:00,::1,41175,21800,16
2026-04-07 21:02:05.479048500+00:00,::1,41175,21801,16
2026-04-07 21:02:05.527848+00:00,::1,41179,21800,16
2026-04-07 21:02:05.550675900+00:00,::1,41177,21803,16
2026-04-07 21:02:05.553984100+00:00,::1,41180,21803,16
2026-04-07 21:02:05.573790200+00:00,::1,41180,21801,16
2026-04-07 21:02:07.911560200+00:00,::1,41176,21799,16
2026-04-07 21:02:07.911564200+00:00,::1,41178,21799,16
2026-04-07 21:02:07.911776300+00:00,::1,41175,21799,16
2026-04-07 21:02:07.911792+00:00,::1,41174,21799,16
2026-04-07 21:02:07.911796100+00:00,::1,41177,21799,16
2026-04-07 21:02:07.911836600+00:00,::1,41179,21799,16
2026-04-07 21:02:08.077667600+00:00,::1,41180,21799,16
2026-04-07 21:02:09.810540800+00:00,::1,41175,21798,16
2026-04-07 21:02:09.810545200+00:00,::1,41177,21798,16
2026-04-07 21:02:09.810554500+00:00,::1,41176,21798,16
2026-04-07 21:02:09.810583500+00:00,::1,41178,21798,16
2026-04-07 21:02:09.810601800+00:00,::1,41174,21798,16
2026-04-07 21:02:09.810620700+00:00,::1,41179,21798,16
2026-04-07 21:02:09.976579400+00:00,::1,41180,21798,16
2026-04-07 21:02:10.444681800+00:00,::1,41181,21800,16
2026-04-07 21:02:10.444681800+00:00,::1,41181,21801,16
2026-04-07 21:02:10.444681800+00:00,::1,41181,21798,16
2026-04-07 21:02:10.444873300+00:00,::1,41181,21799,16
2026-04-07 21:02:10.680051400+00:00,::1,20589,10899,15
2026-04-07 21:02:10.682253100+00:00,::1,20589,10900,15
2026-04-07 21:02:10.683811500+00:00,::1,20590,10899,15
2026-04-07 21:02:10.684593700+00:00,::1,20591,10899,15
2026-04-07 21:02:10.684602600+00:00,::1,20588,10899,15
2026-04-07 21:02:10.684646300+00:00,::1,20590,10900,15
2026-04-07 21:02:10.832162+00:00,::1,20588,10900,15
2026-04-07 21:02:10.840548600+00:00,::1,20591,10900,15
2026-04-07 21:02:10.939843+00:00,::1,20589,10898,15
2026-04-07 21:02:10.942523800+00:00,::1,20589,10901,15
2026-04-07 21:02:10.946415500+00:00,::1,20588,10898,15
2026-04-07 21:02:10.946421200+00:00,::1,20590,10898,15
2026-04-07 21:02:10.963424700+00:00,::1,20592,10899,15
2026-04-07 21:02:10.967676200+00:00,::1,20592,10898,15
2026-04-07 21:02:11.098427400+00:00,::1,20586,10898,15
2026-04-07 21:02:11.129631600+00:00,::1,20587,10900,15
2026-04-07 21:02:11.132659200+00:00,::1,20586,10899,15
2026-04-07 21:02:11.135537700+00:00,::1,20586,10901,15
2026-04-07 21:02:11.142165300+00:00,::1,20591,10901,15
2026-04-07 21:02:11.145025400+00:00,::1,20587,10899,15
2026-04-07 21:02:11.286246+00:00,::1,20586,10900,15
2026-04-07 21:02:11.305518300+00:00,::1,20592,10901,15
2026-04-07 21:02:11.305679800+00:00,::1,20587,10901,15
2026-04-07 21:02:11.315362300+00:00,::1,20587,10898,15
2026-04-07 21:02:11.317179500+00:00,::1,20590,10901,15
2026-04-07 21:02:11.425030100+00:00,::1,20588,10901,15
2026-04-07 21:02:11.429289300+00:00,::1,20592,10900,15
2026-04-07 21:02:11.452562500+00:00,::1,20591,10898,15
2026-04-07 21:02:11.977548700+00:00,::1,20589,10897,15
2026-04-07 21:02:11.977595700+00:00,::1,20591,10897,15
2026-04-07 21:02:11.980065900+00:00,::1,20587,10897,15
2026-04-07 21:02:11.980068200+00:00,::1,20592,10897,15
2026-04-07 21:02:11.980081700+00:00,::1,20590,10897,15
2026-04-07 21:02:11.980081700+00:00,::1,20588,10897,15
2026-04-07 21:02:12.176848300+00:00,::1,20593,10898,15
2026-04-07 21:02:12.176848300+00:00,::1,20593,10899,15
2026-04-07 21:02:12.176848300+00:00,::1,20593,10897,15
2026-04-07 21:02:12.177628900+00:00,::1,20593,10900,15
2026-04-07 21:02:13.623619600+00:00,::1,20590,10896,15
2026-04-07 21:02:13.623619700+00:00,::1,20591,10896,15
2026-04-07 21:02:13.624065900+00:00,::1,20588,10896,15
2026-04-07 21:02:13.624076200+00:00,::1,20589,10896,15
2026-04-07 21:02:13.624187300+00:00,::1,20592,10896,15
2026-04-07 21:02:13.629360400+00:00,::1,20587,10896,15
2026-04-07 21:02:13.801838600+00:00,::1,20593,10896,15
2026-04-07 21:02:13.915212700+00:00,::1,20594,10896,15
2026-04-07 21:02:13.964571500+00:00,::1,20594,10897,15
2026-04-07 21:02:14.072642200+00:00,::1,20594,10899,15
2026-04-07 21:02:14.136242800+00:00,::1,20594,10898,15
2026-04-07 21:02:16.106637800+00:00,::1,20587,10902,15
2026-04-07 21:02:16.106637900+00:00,::1,20586,10902,15
2026-04-07 21:02:16.106637900+00:00,::1,20589,10902,15
2026-04-07 21:02:16.106637900+00:00,::1,20588,10902,15
2026-04-07 21:02:16.108854500+00:00,::1,20590,10902,15
2026-04-07 21:02:16.109973300+00:00,::1,20585,10900,15
2026-04-07 21:02:16.247970+00:00,::1,20585,10899,15
2026-04-07 21:02:16.254508+00:00,::1,20591,10902,15
2026-04-07 21:02:16.266574600+00:00,::1,20585,10901,15
2026-04-07 21:02:16.271916800+00:00,::1,20585,10902,15
2026-04-07 21:02:17.231413700+00:00,::1,20588,10903,15
2026-04-07 21:02:17.232914900+00:00,::1,20590,10903,15
2026-04-07 21:02:17.235136300+00:00,::1,20586,10903,15
2026-04-07 21:02:17.235261100+00:00,::1,20585,10903,15
2026-04-07 21:02:17.235452800+00:00,::1,20589,10903,15
2026-04-07 21:02:17.235656300+00:00,::1,20587,10903,15
2026-04-07 21:02:17.678096800+00:00,::1,20591,10903,15
2026-04-07 21:02:18.193994600+00:00,::1,10294,5451,14
2026-04-07 21:02:18.193994600+00:00,::1,10293,5450,14
2026-04-07 21:02:18.193999600+00:00,::1,10293,5451,14
2026-04-07 21:02:18.194176200+00:00,::1,10294,5452,14
2026-04-07 21:02:18.194176400+00:00,::1,10293,5452,14
2026-04-07 21:02:18.194515+00:00,::1,10294,5450,14
2026-04-07 21:02:18.357252500+00:00,::1,10292,5450,14
2026-04-07 21:02:18.360378400+00:00,::1,10295,5451,14
2026-04-07 21:02:18.371723500+00:00,::1,10292,5451,14
2026-04-07 21:02:18.374496400+00:00,::1,10295,5450,14
2026-04-07 21:02:18.383139900+00:00,::1,10292,5452,14
2026-04-07 21:02:18.386555+00:00,::1,10295,5452,14
2026-04-07 21:02:18.518848+00:00,::1,10291,5451,14
2026-04-07 21:02:18.548414500+00:00,::1,10291,5449,14
2026-04-07 21:02:18.556417900+00:00,::1,10293,5449,14
2026-04-07 21:02:18.564737600+00:00,::1,10297,5452,14
2026-04-07 21:02:18.570311800+00:00,::1,10296,5452,14
2026-04-07 21:02:18.637703500+00:00,::1,10297,5450,14
2026-04-07 21:02:18.646537300+00:00,::1,10297,5449,14
2026-04-07 21:02:18.689085200+00:00,::1,10294,5449,14
2026-04-07 21:02:18.699061800+00:00,::1,10295,5449,14
2026-04-07 21:02:18.713457+00:00,::1,10292,5449,14
2026-04-07 21:02:18.715189+00:00,::1,10291,5450,14
2026-04-07 21:02:18.762974600+00:00,::1,10296,5449,14
2026-04-07 21:02:18.798903300+00:00,::1,10291,5452,14
2026-04-07 21:02:18.829448300+00:00,::1,10297,5451,14
2026-04-07 21:02:18.833772+00:00,::1,10296,5450,14
2026-04-07 21:02:18.849988600+00:00,::1,10296,5451,14
2026-04-07 21:02:19.131114600+00:00,::1,10298,5450,14
2026-04-07 21:02:19.131114600+00:00,::1,10298,5451,14
2026-04-07 21:02:19.131127200+00:00,::1,10298,5449,14
2026-04-07 21:02:20.479117700+00:00,::1,10294,5448,14
2026-04-07 21:02:20.479117700+00:00,::1,10297,5448,14
2026-04-07 21:02:20.479117800+00:00,::1,10295,5448,14
2026-04-07 21:02:20.479128300+00:00,::1,10296,5448,14
2026-04-07 21:02:20.480114900+00:00,::1,10299,5449,14
2026-04-07 21:02:20.480114900+00:00,::1,10298,5448,14
2026-04-07 21:02:20.641296500+00:00,::1,10299,5450,14
2026-04-07 21:02:20.645706700+00:00,::1,10299,5448,14
2026-04-07 21:02:20.652910800+00:00,::1,10299,5451,14
2026-04-07 21:02:20.664258400+00:00,::1,10293,5448,14
2026-04-07 21:02:22.126042600+00:00,::1,41187,21799,16
2026-04-07 21:02:22.126604300+00:00,::1,41186,21799,16
2026-04-07 21:02:22.126631200+00:00,::1,41187,21800,16
2026-04-07 21:02:22.126631200+00:00,::1,41188,21799,16
2026-04-07 21:02:22.135170700+00:00,::1,41188,21800,16
2026-04-07 21:02:22.135181600+00:00,::1,41186,21800,16
2026-04-07 21:02:22.435239200+00:00,::1,41184,21801,16
2026-04-07 21:02:22.496924900+00:00,::1,41188,21801,16
2026-04-07 21:02:22.514674600+00:00,::1,41190,21801,16
2026-04-07 21:02:22.516899+00:00,::1,41186,21801,16
2026-04-07 21:02:22.627526800+00:00,::1,41187,21801,16
2026-04-07 21:02:22.705892500+00:00,::1,41190,21799,16
2026-04-07 21:02:22.746770500+00:00,::1,41189,21798,16
2026-04-07 21:02:22.750994400+00:00,::1,41189,21801,16
2026-04-07 21:02:22.782815900+00:00,::1,41186,21798,16
2026-04-07 21:02:22.854475900+00:00,::1,41185,21801,16
2026-04-07 21:02:22.986075500+00:00,::1,41184,21800,16
2026-04-07 21:02:22.991731400+00:00,::1,41184,21799,16
2026-04-07 21:02:23.070813100+00:00,::1,41190,21800,16
2026-04-07 21:02:23.140669+00:00,::1,41190,21798,16
2026-04-07 21:02:23.195293300+00:00,::1,41189,21799,16
2026-04-07 21:02:23.205420900+00:00,::1,41187,21798,16
2026-04-07 21:02:23.309596900+00:00,::1,41185,21799,16
2026-04-07 21:02:23.455326400+00:00,::1,41185,21800,16
2026-04-07 21:02:23.480493300+00:00,::1,41189,21800,16
2026-04-07 21:02:23.538267+00:00,::1,41188,21798,16
2026-04-07 21:02:23.551445+00:00,::1,41185,21798,16
2026-04-07 21:02:23.613871400+00:00,::1,41184,21798,16
2026-04-07 21:02:25.577463800+00:00,::1,20593,10899,15
2026-04-07 21:02:25.577463800+00:00,::1,20592,10899,15
2026-04-07 21:02:25.577464100+00:00,::1,20593,10900,15
2026-04-07 21:02:25.577470500+00:00,::1,20592,10900,15
2026-04-07 21:02:25.578280+00:00,::1,20594,10899,15
2026-04-07 21:02:25.578282300+00:00,::1,20591,10899,15
2026-04-07 21:02:25.708901900+00:00,::1,20594,10900,15
2026-04-07 21:02:25.828660200+00:00,::1,20593,10898,15
2026-04-07 21:02:25.828660300+00:00,::1,20593,10901,15
2026-04-07 21:02:25.828664200+00:00,::1,20592,10898,15
2026-04-07 21:02:25.830260100+00:00,::1,20592,10901,15
2026-04-07 21:02:25.830748900+00:00,::1,20594,10898,15
2026-04-07 21:02:25.933582800+00:00,::1,20596,10900,15
2026-04-07 21:02:25.967288500+00:00,::1,20590,10898,15
2026-04-07 21:02:25.971151400+00:00,::1,20595,10901,15
2026-04-07 21:02:25.999947300+00:00,::1,20596,10898,15
2026-04-07 21:02:26.001331200+00:00,::1,20594,10901,15
2026-04-07 21:02:26.005135500+00:00,::1,20595,10898,15
2026-04-07 21:02:26.121968400+00:00,::1,20595,10899,15
2026-04-07 21:02:26.321715800+00:00,::1,20596,10899,15
2026-04-07 21:02:26.325167+00:00,::1,20590,10899,15
2026-04-07 21:02:26.411824700+00:00,::1,20591,10898,15
2026-04-07 21:02:26.432007800+00:00,::1,20596,10901,15
2026-04-07 21:02:26.492771700+00:00,::1,20595,10900,15
2026-04-07 21:02:26.785598800+00:00,::1,10296,5451,14
2026-04-07 21:02:26.785614700+00:00,::1,10296,5448,14
2026-04-07 21:02:26.786014900+00:00,::1,10295,5448,14
2026-04-07 21:02:26.787890400+00:00,::1,10297,5448,14
2026-04-07 21:02:26.790187300+00:00,::1,10295,5451,14
2026-04-07 21:02:26.793383700+00:00,::1,10297,5451,14
2026-04-07 21:02:26.933810700+00:00,::1,10294,5449,14
2026-04-07 21:02:26.955050400+00:00,::1,10294,5451,14
2026-04-07 21:02:26.964714200+00:00,::1,10294,5450,14
2026-04-07 21:02:26.967020400+00:00,::1,10299,5449,14
2026-04-07 21:02:26.977820+00:00,::1,10299,5448,14
2026-04-07 21:02:27.033183500+00:00,::1,10299,5451,14
2026-04-07 21:02:27.081829600+00:00,::1,10299,5450,14
2026-04-07 21:02:27.105886100+00:00,::1,10293,5448,14
2026-04-07 21:02:27.140281+00:00,::1,10293,5450,14
2026-04-07 21:02:27.151611400+00:00,::1,10298,5448,14
2026-04-07 21:02:27.151621400+00:00,::1,10298,5451,14
2026-04-07 21:02:27.169683+00:00,::1,10293,5449,14
2026-04-07 21:02:27.176438300+00:00,::1,10293,5451,14
2026-04-07 21:02:27.238056500+00:00,::1,10294,5448,14
2026-04-07 21:02:27.277305700+00:00,::1,10292,5451,14
2026-04-07 21:02:27.302043200+00:00,::1,10292,5450,14
2026-04-07 21:02:27.320800200+00:00,::1,10292,5449,14
2026-04-07 21:02:27.340075600+00:00,::1,10292,5448,14
2026-04-07 21:02:28.461085100+00:00,::1,10291,5451,14
2026-04-07 21:02:28.461085100+00:00,::1,10291,5450,14
2026-04-07 21:02:28.461085200+00:00,::1,10291,5449,14
2026-04-07 21:02:28.461085200+00:00,::1,10291,5448,14
2026-04-07 21:02:30.995045100+00:00,::1,20589,10899,15
2026-04-07 21:02:30.995052900+00:00,::1,20588,10900,15
2026-04-07 21:02:30.995063100+00:00,::1,20588,10899,15
2026-04-07 21:02:30.995064700+00:00,::1,20587,10899,15
2026-04-07 21:02:30.995164600+00:00,::1,20589,10900,15
2026-04-07 21:02:30.999481500+00:00,::1,20587,10900,15
2026-04-07 21:02:31.172815500+00:00,::1,20591,10898,15
2026-04-07 21:02:31.172996200+00:00,::1,20585,10898,15
2026-04-07 21:02:31.177729400+00:00,::1,20587,10898,15
2026-04-07 21:02:31.180794700+00:00,::1,20585,10901,15
2026-04-07 21:02:31.185788700+00:00,::1,20586,10900,15
2026-04-07 21:02:31.229867100+00:00,::1,20588,10901,15
2026-04-07 21:02:31.328429100+00:00,::1,20585,10900,15
2026-04-07 21:02:31.381920600+00:00,::1,20587,10901,15
2026-04-07 21:02:31.382009600+00:00,::1,20589,10901,15
2026-04-07 21:02:31.391017400+00:00,::1,20586,10901,15
2026-04-07 21:02:31.393193800+00:00,::1,20586,10899,15
2026-04-07 21:02:31.436586100+00:00,::1,20585,10899,15
2026-04-07 21:02:31.560779800+00:00,::1,20586,10898,15
2026-04-07 21:02:31.560840+00:00,::1,20588,10898,15
2026-04-07 21:02:31.567824500+00:00,::1,20589,10898,15
