groupId,startTime,endTime,sourceLabel,req_count,x_std,y_std,z_std,x_unique,y_unique,z_unique,mean_abs_dx,mean_abs_dy,mean_dt,std_dt,min_dt,max_dt
::1|782cb12a-21cd-54d1-8c85-67c8642b6fa8,2026-04-07 22:21:42.335147600+00:00,2026-04-07 22:21:54.003419400+00:00,synthetic,30,1.1855612829185829,1.1234866364235145,0.0,4,4,1,0.3793103448275862,0.3793103448275862,0.4023541993108289,0.33291496288673633,0.15871596336364746,1.9897234439849854
::1|782cb12a-21cd-54d1-8c85-67c8642b6fa8,2026-04-07 22:21:44.350625100+00:00,2026-04-07 22:21:57.144327800+00:00,synthetic,30,1.110055053689781,1.1474609652039003,0.0,4,4,1,0.5517241379310345,0.4482758620689655,0.44116215870298187,0.4340698750355119,0.15871596336364746,1.9897234439849854
::1|782cb12a-21cd-54d1-8c85-67c8642b6fa8,2026-04-07 22:21:46.276041300+00:00,2026-04-07 22:22:01.272881100+00:00,synthetic,30,1.019803902718557,1.1234866364235145,0.0,4,4,1,0.4827586206896552,0.3793103448275862,0.517132413798365,0.5340951228367534,0.18677973747253418,2.1858294010162354
::1|782cb12a-21cd-54d1-8c85-67c8642b6fa8,2026-04-07 22:21:49.298637+00:00,2026-04-07 22:22:02.655799900+00:00,synthetic,30,0.7717224601860151,1.1357816691600546,0.0,4,4,1,0.6206896551724138,0.41379310344827586,0.4605918177242937,0.45548823397532145,0.17147254943847656,2.1858294010162354
::1|782cb12a-21cd-54d1-8c85-67c8642b6fa8,2026-04-07 22:21:50.914435500+00:00,2026-04-07 22:22:07.121160500+00:00,synthetic,30,0.7180219742846006,1.18133634311129,0.0,3,4,1,0.5172413793103449,0.3793103448275862,0.5588525821422708,0.530637430280776,0.17147254943847656,2.1858294010162354
::1|782cb12a-21cd-54d1-8c85-67c8642b6fa8,2026-04-07 22:21:52.637942400+00:00,2026-04-07 22:22:08.833096700+00:00,synthetic,30,0.7461009761866464,1.015983376941878,0.0,3,4,1,0.5517241379310345,0.4827586206896552,0.5584536009821398,0.5381786975575146,0.14894390106201172,2.1858294010162354
::1|782cb12a-21cd-54d1-8c85-67c8642b6fa8,2026-04-07 22:21:54.464633+00:00,2026-04-07 22:22:10.543566200+00:00,synthetic,30,0.7630348761506398,1.0,0.0,3,4,1,0.5517241379310345,0.4482758620689655,0.5544459655367094,0.5400971195676001,0.14894390106201172,2.1858294010162354
::1|782cb12a-21cd-54d1-8c85-67c8642b6fa8,2026-04-07 22:21:57.601922600+00:00,2026-04-07 22:22:13.644598200+00:00,synthetic,30,0.7371114795831993,1.0225241100118647,0.0,3,4,1,0.4827586206896552,0.5172413793103449,0.5531957149505615,0.5241572129342339,0.14894390106201172,2.1858294010162354
::1|782cb12a-21cd-54d1-8c85-67c8642b6fa8,2026-04-07 22:22:01.600027200+00:00,2026-04-07 22:22:16.264711800+00:00,synthetic,30,0.6674994798166929,0.8825468196582484,0.0,3,4,1,0.5172413793103449,0.5517241379310345,0.5056787770369957,0.47341128594044213,0.14894390106201172,1.7495577335357666
::1|782cb12a-21cd-54d1-8c85-67c8642b6fa8,2026-04-07 22:22:03.109024800+00:00,2026-04-07 22:22:18.070317+00:00,synthetic,30,0.706320670013903,0.9428090415820634,0.0,3,4,1,0.4827586206896552,0.5517241379310345,0.5159066298912311,0.46903900687827843,0.14894390106201172,1.7495577335357666
::1|782cb12a-21cd-54d1-8c85-67c8642b6fa8,2026-04-07 22:22:07.489373700+00:00,2026-04-07 22:22:24.820037800+00:00,synthetic,30,0.9637888196533974,0.8563488385776752,0.0,4,4,1,0.5862068965517241,0.4827586206896552,0.5976091088919804,0.6235495677923648,0.14894390106201172,2.2689895629882812
::1|782cb12a-21cd-54d1-8c85-67c8642b6fa8,2026-04-07 22:22:09.237425+00:00,2026-04-07 22:22:27.042480400+00:00,synthetic,30,1.145522685162639,0.7608474807008885,0.0,4,4,1,0.4827586206896552,0.4482758620689655,0.613967435113315,0.6203085211444599,0.18909811973571777,2.2689895629882812
::1|782cb12a-21cd-54d1-8c85-67c8642b6fa8,2026-04-07 22:22:10.793730400+00:00,2026-04-07 22:22:28.727548700+00:00,synthetic,30,1.174260996920569,0.789514618821801,0.0,4,4,1,0.4482758620689655,0.41379310344827586,0.6184075289759142,0.6187408259022853,0.15924763679504395,2.2689895629882812
::1|782cb12a-21cd-54d1-8c85-67c8642b6fa8,2026-04-07 22:22:13.922256300+00:00,2026-04-07 22:22:31.809337700+00:00,synthetic,30,1.0482790129010926,0.7461009761866465,0.0,4,3,1,0.4827586206896552,0.3103448275862069,0.6167959015944908,0.6071748133526793,0.15924763679504395,2.2689895629882812
::1|782cb12a-21cd-54d1-8c85-67c8642b6fa8,2026-04-07 22:22:16.621909600+00:00,2026-04-07 22:22:36.435216900+00:00,synthetic,30,1.0934146311237818,0.7717224601860149,0.0,4,3,1,0.4827586206896552,0.3793103448275862,0.6832174925968565,0.618297449747361,0.15924763679504395,2.2689895629882812
::1|782cb12a-21cd-54d1-8c85-67c8642b6fa8,2026-04-07 22:22:20.261749300+00:00,2026-04-07 22:22:37.971041900+00:00,synthetic,30,1.0934146311237818,0.7608474807008886,0.0,4,3,1,0.41379310344827586,0.3793103448275862,0.6106652555794552,0.556169640180648,0.15415644645690918,2.2689895629882812
::1|782cb12a-21cd-54d1-8c85-67c8642b6fa8,2026-04-07 22:22:25.273764500+00:00,2026-04-07 22:22:42.925652400+00:00,synthetic,30,1.0754843869934452,0.7483314773547882,0.0,4,3,1,0.3793103448275862,0.41379310344827586,0.6086857894371296,0.5515702677173538,0.15415644645690918,2.0573890209198
::1|782cb12a-21cd-54d1-8c85-67c8642b6fa8,2026-04-07 22:22:27.458829400+00:00,2026-04-07 22:22:46.527078300+00:00,synthetic,30,1.0306416555826872,0.7180219742846006,0.0,4,3,1,0.4827586206896552,0.4482758620689655,0.6575258271447544,0.6191356739639278,0.15415644645690918,2.213671922683716
::1|782cb12a-21cd-54d1-8c85-67c8642b6fa8,2026-04-07 22:22:30.330699500+00:00,2026-04-07 22:22:50.451252700+00:00,synthetic,30,1.0049875621120892,0.6674994798166929,0.0,4,3,1,0.4482758620689655,0.5172413793103449,0.6938121812096958,0.6231195897125273,0.15415644645690918,2.213671922683716
::1|782cb12a-21cd-54d1-8c85-67c8642b6fa8,2026-04-07 22:22:32.104681500+00:00,2026-04-07 22:23:41.781151100+00:00,synthetic,30,0.9285592184789413,0.8459051693633013,0.0,4,4,1,0.3448275862068966,0.5517241379310345,2.4026368815323402,8.941289905321364,0.15415644645690918,49.60327672958374
::1|782cb12a-21cd-54d1-8c85-67c8642b6fa8,2026-04-07 22:22:36.810167100+00:00,2026-04-07 22:23:43.753358700+00:00,synthetic,30,0.971253485622231,0.9977753031397177,0.0,4,4,1,0.3793103448275862,0.5172413793103449,2.308385914769666,8.956215088414295,0.15415644645690918,49.60327672958374
::1|782cb12a-21cd-54d1-8c85-67c8642b6fa8,2026-04-07 22:22:38.346445100+00:00,2026-04-07 22:23:46.663365300+00:00,synthetic,30,1.0546194679704248,0.991631652042901,0.0,4,4,1,0.4482758620689655,0.5517241379310345,2.355755871739881,8.949885391282795,0.18761038780212402,49.60327672958374
::1|782cb12a-21cd-54d1-8c85-67c8642b6fa8,2026-04-07 22:22:43.365301+00:00,2026-04-07 22:23:48.580297700+00:00,synthetic,30,1.054619467970425,0.9122621455602672,0.0,4,4,1,0.3793103448275862,0.4827586206896552,2.248792993611303,8.962858330081731,0.18761038780212402,49.60327672958374
::1|782cb12a-21cd-54d1-8c85-67c8642b6fa8,2026-04-07 22:22:46.791974400+00:00,2026-04-07 22:23:50.563909800+00:00,synthetic,30,0.9826268648655784,0.869226987360353,0.0,4,4,1,0.3793103448275862,0.4827586206896552,2.199032257343161,8.96689382449803,0.18761038780212402,49.60327672958374
::1|782cb12a-21cd-54d1-8c85-67c8642b6fa8,2026-04-07 22:23:40.054529500+00:00,2026-04-07 22:23:52.857662700+00:00,synthetic,30,0.6674994798166929,0.7895146188218009,0.0,3,4,1,0.41379310344827586,0.41379310344827586,0.4414873534235461,0.2966322685733518,0.18761038780212402,1.8205432891845703
::1|782cb12a-21cd-54d1-8c85-67c8642b6fa8,2026-04-07 22:23:42.173078200+00:00,2026-04-07 22:23:54.582728900+00:00,synthetic,30,0.6674994798166929,0.8563488385776752,0.0,3,4,1,0.41379310344827586,0.3448275862068966,0.42791898497219744,0.29674343153923766,0.18761038780212402,1.8205432891845703
::1|782cb12a-21cd-54d1-8c85-67c8642b6fa8,2026-04-07 22:23:44.155714700+00:00,2026-04-07 22:23:56.059356500+00:00,synthetic,30,0.7483314773547883,0.8537498983243799,0.0,3,4,1,0.41379310344827586,0.41379310344827586,0.4104704034739527,0.30073508392953446,0.15668797492980957,1.8205432891845703
::1|782cb12a-21cd-54d1-8c85-67c8642b6fa8,2026-04-07 22:23:47.097351800+00:00,2026-04-07 22:23:58.327755700+00:00,synthetic,30,0.8563488385776752,0.8825468196582484,0.0,4,4,1,0.41379310344827586,0.3448275862068966,0.3872553069016029,0.1631903062579474,0.15668797492980957,0.8709366321563721
::1|782cb12a-21cd-54d1-8c85-67c8642b6fa8,2026-04-07 22:23:49.061336800+00:00,2026-04-07 22:24:01.485910400+00:00,synthetic,30,0.8919392106839767,0.8825468196582485,0.0,4,4,1,0.4827586206896552,0.3793103448275862,0.4284335744792017,0.3092354885164539,0.15668797492980957,1.8196542263031006
::1|782cb12a-21cd-54d1-8c85-67c8642b6fa8,2026-04-07 22:23:50.983224+00:00,2026-04-07 22:24:03.133275+00:00,synthetic,30,0.8034647195462634,0.7951240294584375,0.0,4,3,1,0.5517241379310345,0.3448275862068966,0.41896726345193797,0.30521514972040537,0.15668797492980957,1.8196542263031006
::1|782cb12a-21cd-54d1-8c85-67c8642b6fa8,2026-04-07 22:23:53.213811900+00:00,2026-04-07 22:24:04.919580200+00:00,synthetic,30,0.6531972647421808,0.8359957469322967,0.0,3,3,1,0.5172413793103449,0.41379310344827586,0.40364718437194824,0.29626396503812663,0.15668797492980957,1.8196542263031006
::1|782cb12a-21cd-54d1-8c85-67c8642b6fa8,2026-04-07 22:23:54.954916900+00:00,2026-04-07 22:24:06.448537600+00:00,synthetic,30,0.7272474743090478,0.816496580927726,0.0,4,3,1,0.5862068965517241,0.4827586206896552,0.3963317460027234,0.2978685536710641,0.15668797492980957,1.8196542263031006
::1|782cb12a-21cd-54d1-8c85-67c8642b6fa8,2026-04-07 22:23:56.369344700+00:00,2026-04-07 22:24:09.347205700+00:00,synthetic,30,0.8225975119502044,0.9637888196533974,0.0,4,4,1,0.6206896551724138,0.4482758620689655,0.4475124457786823,0.3554182088622229,0.18649053573608398,1.8196542263031006
::1|782cb12a-21cd-54d1-8c85-67c8642b6fa8,2026-04-07 22:23:58.716988200+00:00,2026-04-07 22:24:11.056297400+00:00,synthetic,30,0.8225975119502044,0.9977753031397176,0.0,4,4,1,0.6206896551724138,0.5172413793103449,0.42549342944704255,0.34695106413156757,0.18649053573608398,1.8196542263031006
::1|782cb12a-21cd-54d1-8c85-67c8642b6fa8,2026-04-07 22:24:01.827666600+00:00,2026-04-07 22:24:12.870714800+00:00,synthetic,30,0.9195409482755816,1.0482790129010924,0.0,4,4,1,0.5862068965517241,0.4827586206896552,0.3807947635650635,0.22504675419042125,0.18649053573608398,1.5082471370697021
::1|782cb12a-21cd-54d1-8c85-67c8642b6fa8,2026-04-07 22:24:03.443134900+00:00,2026-04-07 22:24:16.266189100+00:00,synthetic,30,1.0225241100118647,1.0482790129010926,0.0,4,4,1,0.5172413793103449,0.5172413793103449,0.4421742784565893,0.33825109522202945,0.24578285217285156,1.8004064559936523
::1|782cb12a-21cd-54d1-8c85-67c8642b6fa8,2026-04-07 22:24:05.211569900+00:00,2026-04-07 22:24:18.123722700+00:00,synthetic,30,0.9213516640723503,1.085766498326822,0.0,4,4,1,0.5172413793103449,0.5172413793103449,0.4452466471441861,0.34194183321424954,0.2334301471710205,1.8004064559936523
::1|782cb12a-21cd-54d1-8c85-67c8642b6fa8,2026-04-07 22:24:06.801874800+00:00,2026-04-07 22:24:19.781901600+00:00,synthetic,30,0.8825468196582484,1.0519822558706333,0.0,4,4,1,0.4482758620689655,0.4482758620689655,0.4475871365645836,0.34158042512185244,0.2334301471710205,1.8004064559936523
::1|782cb12a-21cd-54d1-8c85-67c8642b6fa8,2026-04-07 22:24:09.690262600+00:00,2026-04-07 22:24:21.353410500+00:00,synthetic,30,0.8225975119502044,1.077032961426901,0.0,4,4,1,0.4482758620689655,0.3793103448275862,0.402177514701054,0.2774235734754059,0.21831440925598145,1.8004064559936523
::1|782cb12a-21cd-54d1-8c85-67c8642b6fa8,2026-04-07 22:24:11.436963100+00:00,2026-04-07 22:24:26.507290900+00:00,synthetic,30,0.618241233033047,1.0440306508910548,0.0,3,4,1,0.4827586206896552,0.3103448275862069,0.5196664744410021,0.513134106292913,0.21831440925598145,2.1361589431762695
::1|782cb12a-21cd-54d1-8c85-67c8642b6fa8,2026-04-07 22:24:14.671121400+00:00,2026-04-07 22:24:28.242045100+00:00,synthetic,30,0.6110100926607787,0.9067647005823629,0.0,3,4,1,0.41379310344827586,0.41379310344827586,0.4679628898357523,0.45553405446188105,0.20073199272155762,2.1361589431762695
::1|782cb12a-21cd-54d1-8c85-67c8642b6fa8,2026-04-07 22:24:16.561871600+00:00,2026-04-07 22:24:31.138428600+00:00,synthetic,30,0.8299933065325822,0.7156970184527962,0.0,4,3,1,0.4482758620689655,0.41379310344827586,0.5026399020490975,0.5191736857733592,0.20073199272155762,2.1361589431762695
::1|782cb12a-21cd-54d1-8c85-67c8642b6fa8,2026-04-07 22:24:18.385208200+00:00,2026-04-07 22:24:32.728918300+00:00,synthetic,30,0.8595864638818418,0.9213516640723501,0.0,4,4,1,0.5862068965517241,0.4482758620689655,0.4946106877820245,0.5188865776211158,0.1871786117553711,2.1361589431762695
::1|782cb12a-21cd-54d1-8c85-67c8642b6fa8,2026-04-07 22:24:20.000216+00:00,2026-04-07 22:25:58.298776+00:00,synthetic,30,1.1075498483890767,1.044030650891055,0.0,4,4,1,0.6206896551724138,0.6551724137931034,3.3896055221557617,15.404461641711483,0.08106374740600586,84.85440683364868
::1|782cb12a-21cd-54d1-8c85-67c8642b6fa8,2026-04-07 22:24:21.713780500+00:00,2026-04-07 22:25:58.863308700+00:00,synthetic,30,1.0692676621563628,1.015983376941878,0.0,4,4,1,0.5862068965517241,0.896551724137931,3.349983741497171,15.41253721085926,0.08106374740600586,84.85440683364868
::1|782cb12a-21cd-54d1-8c85-67c8642b6fa8,2026-04-07 22:24:26.710756500+00:00,2026-04-07 22:25:59.434565700+00:00,synthetic,30,1.0692676621563626,0.9551032521262937,0.0,4,4,1,0.4827586206896552,1.0689655172413792,3.1973727242699983,15.434842515947548,0.08106374740600586,84.85440683364868
::1|782cb12a-21cd-54d1-8c85-67c8642b6fa8,2026-04-07 22:24:28.446855400+00:00,2026-04-07 22:26:59.309143900+00:00,synthetic,30,0.9551032521262935,1.002773930432755,0.0,4,4,1,0.5172413793103449,1.0344827586206897,5.202147878449539,18.25217321869209,0.08106374740600586,84.85440683364868
::1|782cb12a-21cd-54d1-8c85-67c8642b6fa8,2026-04-07 22:24:31.420240800+00:00,2026-04-07 22:27:01.029372600+00:00,synthetic,30,0.9521904571390467,1.0482790129010924,0.0,4,4,1,0.5517241379310345,1.0,5.158935579760321,18.26178496693686,0.08106374740600586,84.85440683364868
::1|782cb12a-21cd-54d1-8c85-67c8642b6fa8,2026-04-07 22:25:57.583325100+00:00,2026-04-07 22:27:03.561579800+00:00,synthetic,30,0.9451631252505217,1.0873004286866725,0.0,4,4,1,0.3793103448275862,0.9310344827586207,2.2751122260915824,10.328864566857396,0.08106374740600586,56.90398287773132
::1|782cb12a-21cd-54d1-8c85-67c8642b6fa8,2026-04-07 22:25:58.417961700+00:00,2026-04-07 22:27:05.137053100+00:00,synthetic,30,0.9689627902499088,1.0049875621120887,0.0,4,4,1,0.3793103448275862,0.7931034482758621,2.3006583246691474,10.323699715100842,0.08422660827636719,56.90398287773132
::1|782cb12a-21cd-54d1-8c85-67c8642b6fa8,2026-04-07 22:25:58.972525+00:00,2026-04-07 22:27:08.334458300+00:00,synthetic,30,1.0306416555826872,0.8844332774281065,0.0,4,4,1,0.3448275862068966,0.5517241379310345,2.391790801081164,10.309810915940425,0.10659074783325195,56.90398287773132
::1|782cb12a-21cd-54d1-8c85-67c8642b6fa8,2026-04-07 22:25:59.542363100+00:00,2026-04-07 22:27:10.988295200+00:00,synthetic,30,0.7180219742846006,0.6289320754704403,0.0,4,3,1,0.3448275862068966,0.41379310344827586,2.463652824533397,10.29720246684953,0.1512138843536377,56.90398287773132
::1|782cb12a-21cd-54d1-8c85-67c8642b6fa8,2026-04-07 22:26:59.493645800+00:00,2026-04-07 22:27:11.873970700+00:00,synthetic,30,0.7156970184527961,0.7180219742846006,0.0,3,3,1,0.3103448275862069,0.3793103448275862,0.4269077531222639,0.3934379327562762,0.1357433795928955,1.934610366821289
::1|782cb12a-21cd-54d1-8c85-67c8642b6fa8,2026-04-07 22:27:01.994939+00:00,2026-04-07 22:27:13.236205400+00:00,synthetic,30,0.6699917080747261,0.7520342781785652,0.0,3,3,1,0.3448275862068966,0.3793103448275862,0.3876298789320321,0.3797142642451532,0.1357433795928955,1.934610366821289
::1|782cb12a-21cd-54d1-8c85-67c8642b6fa8,2026-04-07 22:27:03.893662+00:00,2026-04-07 22:27:14.835146100+00:00,synthetic,30,0.6674994798166928,0.7453559924999299,0.0,3,3,1,0.3448275862068966,0.41379310344827586,0.37729255084333746,0.3793215311628051,0.1357433795928955,1.934610366821289
::1|782cb12a-21cd-54d1-8c85-67c8642b6fa8,2026-04-07 22:27:05.406448600+00:00,2026-04-07 22:27:17.264838500+00:00,synthetic,30,0.7810249675906654,0.7781745019952502,0.0,3,3,1,0.4827586206896552,0.4827586206896552,0.40890999498038455,0.38340576248336844,0.1357433795928955,1.934610366821289
::1|782cb12a-21cd-54d1-8c85-67c8642b6fa8,2026-04-07 22:27:08.674746+00:00,2026-04-07 22:27:22.161290+00:00,synthetic,30,0.7951240294584375,0.7717224601860151,0.0,3,3,1,0.5172413793103449,0.5172413793103449,0.4650532377177271,0.4262164855221391,0.1357433795928955,1.8982775211334229
::1|782cb12a-21cd-54d1-8c85-67c8642b6fa8,2026-04-07 22:27:11.205530400+00:00,2026-04-07 22:27:23.757206100+00:00,synthetic,30,0.7340905181848415,0.7895146188218007,0.0,3,3,1,0.5862068965517241,0.4482758620689655,0.43281639855483484,0.3744519862677768,0.1357433795928955,1.8982775211334229
::1|782cb12a-21cd-54d1-8c85-67c8642b6fa8,2026-04-07 22:27:12.106311+00:00,2026-04-07 22:27:26.050373600+00:00,synthetic,30,0.7630348761506398,0.7272474743090477,0.0,3,3,1,0.5517241379310345,0.5172413793103449,0.480829748614081,0.3713130567223898,0.18338894844055176,1.8982775211334229
::1|782cb12a-21cd-54d1-8c85-67c8642b6fa8,2026-04-07 22:27:13.625092200+00:00,2026-04-07 22:27:29.039474800+00:00,synthetic,30,0.7895146188218007,0.7156970184527963,0.0,3,3,1,0.4827586206896552,0.4827586206896552,0.5315304377983356,0.4154776784707562,0.18560409545898438,1.8982775211334229
::1|782cb12a-21cd-54d1-8c85-67c8642b6fa8,2026-04-07 22:27:15.254860400+00:00,2026-04-07 22:27:30.462732200+00:00,synthetic,30,0.7483314773547883,0.7180219742846006,0.0,3,3,1,0.4482758620689655,0.4482758620689655,0.5244093763417211,0.41870162873701655,0.18560409545898438,1.8982775211334229
::1|782cb12a-21cd-54d1-8c85-67c8642b6fa8,2026-04-07 22:27:17.450442400+00:00,2026-04-07 22:27:32.918890300+00:00,synthetic,30,0.7630348761506397,0.669991708074726,0.0,3,3,1,0.41379310344827586,0.41379310344827586,0.5333947477669552,0.4371804032690717,0.17092275619506836,1.8982775211334229
::1|782cb12a-21cd-54d1-8c85-67c8642b6fa8,2026-04-07 22:27:22.611970500+00:00,2026-04-07 22:27:35.728148700+00:00,synthetic,30,0.7520342781785652,0.6155395104206461,0.0,3,3,1,0.4482758620689655,0.4482758620689655,0.45228200123227874,0.3449788991437302,0.17092275619506836,1.5078458786010742
::1|782cb12a-21cd-54d1-8c85-67c8642b6fa8,2026-04-07 22:27:24.686049100+00:00,2026-04-07 22:27:39.199099600+00:00,synthetic,30,0.7483314773547883,0.6699917080747261,0.0,3,3,1,0.41379310344827586,0.5172413793103449,0.5004500191787193,0.4748458490917076,0.17092275619506836,2.290841817855835
::1|782cb12a-21cd-54d1-8c85-67c8642b6fa8,2026-04-07 22:27:26.338558+00:00,2026-04-07 22:27:40.723144800+00:00,synthetic,30,0.7156970184527962,0.7810249675906654,0.0,3,3,1,0.3793103448275862,0.4482758620689655,0.49602023486433355,0.4765330891728431,0.17092275619506836,2.290841817855835
::1|782cb12a-21cd-54d1-8c85-67c8642b6fa8,2026-04-07 22:27:29.409579600+00:00,2026-04-07 22:27:43.101040400+00:00,synthetic,30,0.7340905181848413,0.7608474807008886,0.0,3,3,1,0.41379310344827586,0.4827586206896552,0.4721193395811936,0.46040163505004494,0.17092275619506836,2.290841817855835
::1|782cb12a-21cd-54d1-8c85-67c8642b6fa8,2026-04-07 22:27:30.711731200+00:00,2026-04-07 22:27:46.306504600+00:00,synthetic,30,0.7453559924999299,0.7340905181848414,0.0,3,3,1,0.3448275862068966,0.4827586206896552,0.5377508114124167,0.5303686343539379,0.17092275619506836,2.290841817855835
::1|782cb12a-21cd-54d1-8c85-67c8642b6fa8,2026-04-07 22:27:34.267918900+00:00,2026-04-07 22:27:47.857355800+00:00,synthetic,30,0.6699917080747261,0.7156970184527962,0.0,3,3,1,0.3448275862068966,0.4482758620689655,0.4686012761346225,0.4940392900373931,0.17133688926696777,2.290841817855835
::1|782cb12a-21cd-54d1-8c85-67c8642b6fa8,2026-04-07 22:27:36.023140100+00:00,2026-04-07 22:27:49.531349100+00:00,synthetic,30,0.706320670013903,0.7483314773547883,0.0,3,3,1,0.3448275862068966,0.4482758620689655,0.4658003017820161,0.49546406814031163,0.17133688926696777,2.290841817855835
::1|782cb12a-21cd-54d1-8c85-67c8642b6fa8,2026-04-07 22:27:39.380366600+00:00,2026-04-07 22:27:52.651401500+00:00,synthetic,30,0.7118052168020874,0.7371114795831993,0.0,3,3,1,0.41379310344827586,0.3793103448275862,0.45762189503373774,0.44186401144502047,0.17133688926696777,1.9637541770935059
::1|782cb12a-21cd-54d1-8c85-67c8642b6fa8,2026-04-07 22:27:41.091859200+00:00,2026-04-07 22:29:14.696238100+00:00,synthetic,30,0.7888106377466155,0.74535599249993,0.0,3,3,1,0.41379310344827586,0.3793103448275862,3.227737204781894,14.458836488328595,0.17133688926696777,79.69821000099182
::1|782cb12a-21cd-54d1-8c85-67c8642b6fa8,2026-04-07 22:27:43.302981500+00:00,2026-04-07 22:29:17.150594200+00:00,synthetic,30,0.8459051693633012,0.7888106377466153,0.0,3,3,1,0.3793103448275862,0.41379310344827586,3.23612458130409,14.457102289577122,0.17133688926696777,79.69821000099182
::1|782cb12a-21cd-54d1-8c85-67c8642b6fa8,2026-04-07 22:27:46.785489700+00:00,2026-04-07 22:29:20.210746100+00:00,synthetic,30,0.7895146188218007,0.7999999999999999,0.0,3,3,1,0.4827586206896552,0.4482758620689655,3.221560568645083,14.458744485744216,0.17133688926696777,79.69821000099182
::1|782cb12a-21cd-54d1-8c85-67c8642b6fa8,2026-04-07 22:27:48.293709500+00:00,2026-04-07 22:29:24.351228300+00:00,synthetic,30,0.8055363982396381,0.7999999999999999,0.0,3,3,1,0.4482758620689655,0.3793103448275862,3.312328239967083,14.4449918977168,0.2002272605895996,79.69821000099182
::1|782cb12a-21cd-54d1-8c85-67c8642b6fa8,2026-04-07 22:27:49.979511600+00:00,2026-04-07 22:29:26.167200+00:00,synthetic,30,0.8537498983243799,0.8717797887081348,0.0,3,3,1,0.41379310344827586,0.3793103448275862,3.3168168478998643,14.444068328933138,0.18555569648742676,79.69821000099182
::1|782cb12a-21cd-54d1-8c85-67c8642b6fa8,2026-04-07 22:27:53.055527+00:00,2026-04-07 22:29:28.264708900+00:00,synthetic,30,0.7951240294584373,0.8944271909999159,0.0,3,3,1,0.3448275862068966,0.41379310344827586,3.2830752339856377,14.44842144557827,0.18555569648742676,79.69821000099182
::1|782cb12a-21cd-54d1-8c85-67c8642b6fa8,2026-04-07 22:29:14.943376+00:00,2026-04-07 22:29:29.803098300+00:00,synthetic,30,0.7810249675906654,0.8439325934114775,0.0,3,3,1,0.3793103448275862,0.3793103448275862,0.512404228078908,0.4484756185832481,0.18555569648742676,2.3069663047790527
::1|782cb12a-21cd-54d1-8c85-67c8642b6fa8,2026-04-07 22:29:17.523723500+00:00,2026-04-07 22:29:31.665737900+00:00,synthetic,30,0.8055363982396381,0.8537498983243799,0.0,3,3,1,0.4827586206896552,0.41379310344827586,0.48765566431242846,0.4259445402457991,0.18555569648742676,2.3069663047790527
::1|782cb12a-21cd-54d1-8c85-67c8642b6fa8,2026-04-07 22:29:20.683865+00:00,2026-04-07 22:31:47.814077200+00:00,synthetic,30,0.8055363982396381,0.8055363982396381,0.0,3,3,1,0.4827586206896552,0.4482758620689655,5.0734555885709565,17.828866632122228,0.16244959831237793,87.66873073577881
::1|no-session,2026-04-07 20:48:15.481913400+00:00,2026-04-07 20:48:21.087767300+00:00,clean,30,1.53803626600791,1.3759844960366863,0.7461009761866464,6,6,4,1.1379310344827587,1.2758620689655173,0.19330548394564923,0.6550614297110581,2.384185791015625e-07,3.5288374423980713
::1|no-session,2026-04-07 20:48:19.457078300+00:00,2026-04-07 20:48:21.300914600+00:00,clean,30,1.498517786199268,1.3984117975602022,0.49888765156985887,6,6,2,1.2413793103448276,1.4137931034482758,0.06358070848083497,0.16424806864544836,4.76837158203125e-07,0.8724484443664551
::1|no-session,2026-04-07 20:48:19.470326500+00:00,2026-04-07 20:48:21.447493+00:00,clean,30,1.7156145643277028,1.5132745950421556,0.4818944098266986,7,6,2,1.5172413793103448,1.3448275862068966,0.06817826388549805,0.16329699726734198,1e-06,0.8724484443664551
::1|no-session,2026-04-07 20:48:19.795426400+00:00,2026-04-07 20:48:21.600144200+00:00,clean,30,1.7336538165261122,1.256538454998051,0.39999999999999997,7,6,2,1.5517241379310345,1.4137931034482758,0.062231716522742966,0.1600390448449744,2.384185791015625e-07,0.8724484443664551
::1|no-session,2026-04-07 20:48:19.990481400+00:00,2026-04-07 20:58:14.984240700+00:00,clean,30,2.0669354663903325,1.1160446028522137,0.1795054935711501,8,4,2,1.7586206896551724,1.3448275862068966,20.51702624673357,108.22533047184959,2.384185791015625e-07,593.191004037857
::1|no-session,2026-04-07 20:48:20.872239700+00:00,2026-04-07 20:58:15.444177100+00:00,clean,30,2.2708295107001466,1.3682917167849196,0.0,8,5,1,2.310344827586207,1.3448275862068966,20.502480674518452,108.22798129769015,2.384185791015625e-07,593.191004037857
::1|no-session,2026-04-07 20:48:21.090969800+00:00,2026-04-07 20:58:15.692625300+00:00,clean,30,2.45877114745467,1.5638272140986536,0.0,8,6,1,2.793103448275862,1.103448275862069,20.503505438678083,108.22778396383494,2.384185791015625e-07,593.191004037857
::1|no-session,2026-04-07 20:48:21.300916100+00:00,2026-04-07 20:58:15.948817400+00:00,clean,30,2.513076909996102,1.7527755766846542,0.0,8,6,1,3.0689655172413794,0.7931034482758621,20.5051001136764,108.22748169631714,2.384185791015625e-07,593.191004037857
::1|no-session,2026-04-07 20:48:21.477287+00:00,2026-04-07 20:58:16.937157400+00:00,clean,30,3.0630413353760377,1.4255603186895398,0.6000000000000001,11,6,2,3.2758620689655173,0.7931034482758621,20.533099054374432,108.2223066184474,2.384185791015625e-07,593.191004037857
::1|no-session,2026-04-07 20:58:14.791148300+00:00,2026-04-07 20:58:17.289671500+00:00,clean,30,3.5364765892999586,1.4019827229875392,0.8844332774281067,11,6,2,3.0344827586206895,0.7241379310344828,0.08615604259727741,0.1782245563119784,1e-06,0.9185702800750732
::1|no-session,2026-04-07 20:58:14.984240700+00:00,2026-04-07 20:58:17.623288300+00:00,clean,30,3.636390151418482,1.3535960336164634,0.9910712498212335,13,5,2,3.0344827586206895,0.5172413793103449,0.09100168486549115,0.17485345973747754,1e-06,0.9185702800750732
::1|no-session,2026-04-07 20:58:15.449494800+00:00,2026-04-07 20:58:17.974232900+00:00,clean,30,3.940671121635107,1.406729856400613,0.9797958971132713,14,5,2,2.8275862068965516,0.5172413793103449,0.08705996804651721,0.17022500298613438,1e-06,0.9185702800750732
::1|no-session,2026-04-07 20:58:15.696650600+00:00,2026-04-07 20:58:18.202264400+00:00,clean,30,3.5846896657869842,1.4772346537440226,0.8459051693633013,13,5,2,2.7241379310344827,0.7586206896551724,0.08640051047805261,0.16961539573764256,1e-06,0.9185702800750732
::1|no-session,2026-04-07 20:58:16.005613200+00:00,2026-04-07 20:58:18.532197800+00:00,clean,30,2.3732303348436754,1.2472191289246473,0.49888765156985887,9,5,2,2.5517241379310347,0.8620689655172413,0.08712364224979796,0.16969857846842587,1e-06,0.9185702800750732
::1|no-session,2026-04-07 20:58:16.937266100+00:00,2026-04-07 20:58:18.707850700+00:00,clean,30,2.2874051285730346,1.4715826703096075,0.0,9,6,1,2.586206896551724,0.9310344827586207,0.06105464080284382,0.062168426431062324,0.001207590103149414,0.3323979377746582
::1|no-session,2026-04-07 20:58:17.335434200+00:00,2026-04-07 20:58:19.010275500+00:00,clean,30,2.4997777679003566,1.6996731711975948,0.0,9,6,1,2.8620689655172415,1.0,0.0577531518607304,0.040431041770092054,0.0005328655242919922,0.17046308517456055
::1|no-session,2026-04-07 20:58:17.645240900+00:00,2026-04-07 20:58:19.143277+00:00,clean,30,2.9897974661988207,1.9720265943665387,0.17950549357115014,10,7,2,2.9655172413793105,1.2413793103448276,0.05165642705456964,0.04324662938498234,2.956390380859375e-05,0.17046308517456055
::1|no-session,2026-04-07 20:58:17.988300800+00:00,2026-04-07 20:58:19.177465100+00:00,clean,30,5.9893423864579844,2.5024432505497947,0.4,13,8,2,3.0,1.103448275862069,0.04100566896898993,0.042528054286942056,2.956390380859375e-05,0.17046308517456055
::1|no-session,2026-04-07 20:58:18.270966+00:00,2026-04-07 20:58:19.827314100+00:00,clean,30,6.44153190889662,2.7680719322702263,0.4818944098266987,15,9,2,2.7241379310344827,1.0,0.05366717535873939,0.0684685554073513,2.956390380859375e-05,0.3226621150970459
::1|no-session,2026-04-07 20:58:18.566470300+00:00,2026-04-07 20:58:19.903671400+00:00,clean,30,6.177827737607739,2.0893911925619757,0.49888765156985887,13,7,2,2.896551724137931,0.9655172413793104,0.04611037517416066,0.06784235078379217,2.956390380859375e-05,0.3226621150970459
::1|no-session,2026-04-07 20:58:18.782958300+00:00,2026-04-07 20:58:20.157643300+00:00,clean,30,26.73784251248074,10.304475834423709,0.9122621455602673,16,9,3,5.344827586206897,1.896551724137931,0.047402932726103686,0.07784276985637954,2.956390380859375e-05,0.3226621150970459
::1|no-session,2026-04-07 20:58:19.042575700+00:00,2026-04-07 20:58:20.544424400+00:00,clean,30,34.704402538518885,13.476893806314074,1.0561986345169905,16,8,3,5.068965517241379,1.793103448275862,0.051787894347618366,0.09679987506994374,1.0728836059570312e-05,0.37509775161743164
::1|no-session,2026-04-07 20:58:19.145667500+00:00,2026-04-07 20:58:21.121661800+00:00,clean,30,36.29357151526057,14.278032855481955,0.9977753031397177,13,7,2,5.172413793103448,1.8275862068965518,0.06813772793473868,0.10422575836627249,1.0728836059570312e-05,0.37509775161743164
::1|no-session,2026-04-07 20:58:19.500127300+00:00,2026-04-07 20:58:21.596547900+00:00,clean,30,35.62764220221272,13.786668278529886,0.9637888196533972,13,7,2,5.275862068965517,2.0,0.07229036298291437,0.0950447893228813,1.0728836059570312e-05,0.37509775161743164
::1|no-session,2026-04-07 20:58:19.854474800+00:00,2026-04-07 20:58:22.254315600+00:00,clean,30,29.474452214304737,11.414464507807628,0.7999999999999999,12,7,2,5.413793103448276,2.0344827586206895,0.08275313212953765,0.10997530018127581,1.0728836059570312e-05,0.37509775161743164
::1|no-session,2026-04-07 20:58:19.907748+00:00,2026-04-07 21:00:58.101713800+00:00,clean,30,13.785862323409443,5.057996968497839,0.3590109871423002,8,6,2,5.275862068965517,2.0344827586206895,5.454964341788457,28.36974684821177,1.0728836059570312e-05,155.5725076198578
::1|no-session,2026-04-07 20:58:20.159510+00:00,2026-04-07 21:00:58.127001900+00:00,clean,30,2.0712315177207983,1.471582670309608,0.0,7,5,1,2.793103448275862,1.0,5.447154891902003,28.3712115522214,1.0728836059570312e-05,155.5725076198578
::1|no-session,2026-04-07 20:58:20.554277400+00:00,2026-04-07 21:00:58.318331100+00:00,clean,30,9.000308636683275,3.714236873915765,0.17950549357115014,9,6,2,4.172413793103448,1.6206896551724137,5.440139786950473,28.372493156317578,8.940696716308594e-05,155.5725076198578
::1|no-session,2026-04-07 20:58:21.162534700+00:00,2026-04-07 21:00:58.344996+00:00,clean,30,19.531171666509582,7.723269313502469,0.4,11,8,2,3.7586206896551726,1.4482758620689655,5.420084879316133,28.376264206979506,8.940696716308594e-05,155.5725076198578
::1|no-session,2026-04-07 20:58:21.786747300+00:00,2026-04-07 21:00:59.099322500+00:00,clean,30,23.692943159421024,8.954266518754558,0.4818944098266987,12,8,2,3.5172413793103448,1.3448275862068966,5.42457155523629,28.375526144146104,8.940696716308594e-05,155.5725076198578
::1|no-session,2026-04-07 20:58:22.336084200+00:00,2026-04-07 21:00:59.355321200+00:00,clean,30,29.432785951874976,10.925454478215338,0.8919392106839769,17,9,3,4.448275862068965,1.7241379310344827,5.414456449705979,28.37739209657675,7.152557373046875e-07,155.5725076198578
::1|no-session,2026-04-07 21:00:58.103727200+00:00,2026-04-07 21:00:59.556809600+00:00,clean,30,32.43155185240995,11.628700127987939,1.145522685162639,19,10,3,4.517241379310345,1.896551724137931,0.05010629522389379,0.1040562658068292,7.152557373046875e-07,0.5178968906402588
::1|no-session,2026-04-07 21:00:58.313962700+00:00,2026-04-07 21:00:59.735655800+00:00,clean,30,29.563190325508213,10.716809226630843,1.2754084313139327,15,11,4,4.655172413793103,2.206896551724138,0.04902389953876364,0.1013462073204072,7.152557373046875e-07,0.5178968906402588
::1|no-session,2026-04-07 21:00:58.320365800+00:00,2026-04-07 21:00:59.750113400+00:00,clean,30,19.784084512557058,7.45087616026166,1.4966629547095767,15,9,3,3.0344827586206895,1.4827586206896552,0.049301632519426014,0.10121646104638927,7.152557373046875e-07,0.5178968906402588
::1|no-session,2026-04-07 21:00:58.862893100+00:00,2026-04-07 21:00:59.942753300+00:00,clean,30,18.005061016898058,6.876691711054734,1.5260697523012796,17,10,3,3.206896551724138,1.5862068965517242,0.03723655897995521,0.05310481917202997,7.152557373046875e-07,0.16985464096069336
::1|no-session,2026-04-07 21:00:59.256908800+00:00,2026-04-07 21:01:00.099414600+00:00,clean,30,12.317828091384003,4.4701478971307225,1.27758452644912,15,9,4,3.4827586206896552,1.5517241379310345,0.02905192046329893,0.04512162254287821,7.152557373046875e-07,0.1497492790222168
::1|no-session,2026-04-07 21:00:59.355848200+00:00,2026-04-07 21:01:00.119369200+00:00,clean,30,4.871230736568418,1.948218559493661,1.085766498326822,12,7,3,2.5517241379310347,1.0689655172413792,0.02632831705027613,0.04404102776697646,7.3909759521484375e-06,0.1497492790222168
::1|no-session,2026-04-07 21:00:59.584711500+00:00,2026-04-07 21:01:00.377533300+00:00,clean,30,3.8273866918419523,1.2364824660660938,0.9285592184789413,10,6,3,2.4482758620689653,0.8620689655172413,0.02733868566052667,0.04990781937489941,7.3909759521484375e-06,0.19202017784118652
::1|no-session,2026-04-07 21:00:59.739517100+00:00,2026-04-07 21:01:01.301748600+00:00,clean,30,1.7499206331208916,0.9689627902499088,0.5,7,4,2,2.310344827586207,0.6551724137931034,0.05387004490556388,0.16539790379798464,7.3909759521484375e-06,0.893451452255249
::1|no-session,2026-04-07 21:00:59.899862400+00:00,2026-04-07 21:01:01.950780100+00:00,clean,30,3.5396170539888763,1.619670748434179,0.7118052168020874,10,6,3,2.4482758620689653,0.7241379310344828,0.07072129742852573,0.19733825154836707,1.430511474609375e-06,0.893451452255249
::1|no-session,2026-04-07 21:00:59.947712400+00:00,2026-04-07 21:01:02.221654600+00:00,clean,30,4.558752265941003,2.035517952102937,0.8825468196582484,10,8,3,2.689655172413793,0.6896551724137931,0.07841182736942687,0.1991273331630169,1e-06,0.893451452255249
::1|no-session,2026-04-07 21:01:00.099429200+00:00,2026-04-07 21:01:02.526158+00:00,clean,30,4.958046210174147,2.213343373471204,0.9826268648655783,10,8,3,2.7586206896551726,1.0,0.08368034358110099,0.19791024565114299,1e-06,0.893451452255249
::1|no-session,2026-04-07 21:01:00.128225300+00:00,2026-04-07 21:01:02.859909200+00:00,clean,30,4.913586605864736,1.8961950204437188,0.9637888196533972,10,8,2,2.689655172413793,1.103448275862069,0.0941960252096242,0.19587719002819573,1e-06,0.893451452255249
::1|no-session,2026-04-07 21:01:00.394307300+00:00,2026-04-07 21:01:03.106068600+00:00,clean,30,4.240151988890125,1.556705923844749,0.8,11,6,2,2.896551724137931,1.3103448275862069,0.09350903440593851,0.19492091901016015,1e-06,0.893451452255249
::1|no-session,2026-04-07 21:01:01.301991500+00:00,2026-04-07 21:01:03.262445700+00:00,clean,30,4.028233690672212,1.8571184369578826,0.48189440982669873,11,7,3,3.206896551724138,1.6551724137931034,0.06760191255030139,0.12335509947847913,1e-06,0.6475567817687988
::1|no-session,2026-04-07 21:01:01.953377900+00:00,2026-04-07 21:01:03.531032200+00:00,clean,30,4.842405279289301,2.3619671650742498,0.44221663871405337,11,7,2,2.9310344827586206,1.6896551724137931,0.05440191724632527,0.06784291547755977,1e-06,0.25445079803466797
::1|no-session,2026-04-07 21:01:02.234917+00:00,2026-04-07 21:01:03.768682600+00:00,clean,30,5.0825409218443305,2.665833203084294,0.4955356249106168,12,8,2,2.586206896551724,1.793103448275862,0.05288845917274212,0.06613823004319848,4.839897155761719e-05,0.25445079803466797
::1|no-session,2026-04-07 21:01:02.560274800+00:00,2026-04-07 21:01:03.969541100+00:00,clean,30,4.996554368317787,2.6297443897754693,0.4898979485566356,12,8,2,2.206896551724138,1.6896551724137931,0.04859539558147562,0.06878163907003097,4.839897155761719e-05,0.25445079803466797
::1|no-session,2026-04-07 21:01:02.870271100+00:00,2026-04-07 21:01:04.147995900+00:00,clean,30,4.558386654167118,2.10923893594085,0.42295258468165065,12,7,2,2.5172413793103448,1.5862068965517242,0.04405948211406839,0.06719203835337642,4.839897155761719e-05,0.25445079803466797
::1|no-session,2026-04-07 21:01:03.130031900+00:00,2026-04-07 21:01:04.342882100+00:00,clean,30,3.248931448269655,1.5577761927397231,0.24944382578492943,9,5,2,3.103448275862069,1.5172413793103448,0.041822425250349377,0.06512286701215651,4.839897155761719e-05,0.25445079803466797
::1|no-session,2026-04-07 21:01:03.263191200+00:00,2026-04-07 21:01:04.836867800+00:00,clean,30,7.269724127426632,3.7982452088650973,0.3726779962499649,10,6,2,3.2413793103448274,1.4827586206896552,0.0542647098672801,0.10363125264182921,6.389617919921875e-05,0.4892385005950928
::1|no-session,2026-04-07 21:01:03.536605200+00:00,2026-04-07 21:01:05.253511700+00:00,clean,30,9.13746865019702,4.674279504788828,0.4714045207910317,12,8,2,3.4482758620689653,1.6551724137931034,0.05920367405332368,0.1021157366691433,6.389617919921875e-05,0.4892385005950928
::1|no-session,2026-04-07 21:01:03.777826200+00:00,2026-04-07 21:01:05.585444800+00:00,clean,30,9.60098374589234,4.9915484126226355,0.5,14,8,2,3.793103448275862,1.6896551724137931,0.0623316764831543,0.09831743095621563,6.389617919921875e-05,0.4892385005950928
::1|no-session,2026-04-07 21:01:03.972295500+00:00,2026-04-07 21:01:05.772624600+00:00,clean,30,9.017328996006645,4.712277109376693,0.4714045207910317,11,8,2,3.7586206896551726,1.5517241379310345,0.06208031753013874,0.09561650399614344,6.389617919921875e-05,0.4892385005950928
::1|no-session,2026-04-07 21:01:04.164175900+00:00,2026-04-07 21:01:05.997121100+00:00,clean,30,7.081195755896975,3.8878728831528884,0.3726779962499649,9,7,2,3.689655172413793,1.5862068965517242,0.06320500373840332,0.09816826693305403,6.389617919921875e-05,0.4892385005950928
::1|no-session,2026-04-07 21:01:04.832120600+00:00,2026-04-07 21:01:06.363369800+00:00,clean,30,10.163114133418404,5.350077881053073,0.24944382578492943,8,6,2,3.7241379310344827,2.0344827586206895,0.0528017257353684,0.060522198127685334,1e-06,0.21465039253234863
::1|no-session,2026-04-07 21:01:04.838751200+00:00,2026-04-07 21:01:06.776016+00:00,clean,30,16.967288790165885,9.091204540653566,0.4229525846816507,12,7,2,3.793103448275862,2.0344827586206895,0.06680229111875337,0.08609239004915802,1e-06,0.3964869976043701
::1|no-session,2026-04-07 21:01:05.263105400+00:00,2026-04-07 21:01:06.989864500+00:00,clean,30,19.650162566474833,10.447806787391633,0.4898979485566356,12,8,2,3.7586206896551726,1.8620689655172413,0.059543481272730334,0.08115593055564353,1e-06,0.3964869976043701
::1|no-session,2026-04-07 21:01:05.593040900+00:00,2026-04-07 21:01:07.286522300+00:00,clean,30,19.977320474311195,10.531223417374957,0.4955356249106168,13,8,2,3.7241379310344827,1.9310344827586208,0.05839598087284483,0.08125102209478022,1e-06,0.3964869976043701
::1|no-session,2026-04-07 21:01:05.787656900+00:00,2026-04-07 21:01:07.571103700+00:00,clean,30,17.626369135159084,9.259229629582222,0.44221663871405326,13,8,2,3.793103448275862,1.9310344827586208,0.061498234096132476,0.08319776147771517,1e-06,0.3964869976043701
::1|no-session,2026-04-07 21:01:06.121769600+00:00,2026-04-07 21:01:07.905788200+00:00,clean,30,11.48428878463481,6.4533367768585865,0.29999999999999993,9,6,2,3.4482758620689653,2.0344827586206895,0.0615179570675554,0.08729373609256191,1e-06,0.3964869976043701
::1|no-session,2026-04-07 21:01:06.371965300+00:00,2026-04-07 21:01:12.385584800+00:00,clean,30,81.94743572694769,43.44017597672561,0.6798692684790381,10,6,2,10.724137931034482,5.655172413793103,0.20736622970107507,0.8066144622462177,1e-06,4.450827121734619
::1|no-session,2026-04-07 21:01:06.787170600+00:00,2026-04-07 21:01:12.970362800+00:00,clean,30,110.53524324847709,58.849157456443955,0.916515138991168,11,7,2,10.620689655172415,5.689655172413793,0.21321356045216527,0.8069357171375926,1e-06,4.450827121734619
::1|no-session,2026-04-07 21:01:07.053484+00:00,2026-04-07 21:01:13.291808400+00:00,clean,30,120.31811538122135,64.13406964234291,0.9977753031397177,13,8,2,10.724137931034482,5.689655172413793,0.2151146773165999,0.8065700855015262,1e-06,4.450827121734619
::1|no-session,2026-04-07 21:01:07.289716800+00:00,2026-04-07 21:01:13.613232200+00:00,clean,30,116.20719522569256,61.87654375178583,0.9637888196533974,13,8,2,10.827586206896552,5.620689655172414,0.21805229017902245,0.8060264396217387,1e-06,4.450827121734619
::1|no-session,2026-04-07 21:01:07.574600900+00:00,2026-04-07 21:01:14.065273600+00:00,clean,30,320.0594823188687,169.316734750782,1.0770329614269007,12,10,3,43.827586206896555,22.96551724137931,0.22381636511546169,0.8055431817590392,1e-06,4.450827121734619
::1|no-session,2026-04-07 21:01:07.931638100+00:00,2026-04-07 21:01:14.522402300+00:00,clean,30,433.79748987542814,229.40225708470166,0.9910712498212336,13,8,3,43.724137931034484,22.896551724137932,0.22726780290116935,0.8073291132218685,1e-06,4.450827121734619
::1|no-session,2026-04-07 21:01:12.390042700+00:00,2026-04-07 21:01:14.929688200+00:00,clean,30,477.9848916719718,252.85280962119708,0.9910712498212336,13,7,2,35.96551724137931,18.517241379310345,0.08757405764980974,0.11994958084488672,1e-06,0.4876089096069336
::1|no-session,2026-04-07 21:01:13.031339700+00:00,2026-04-07 21:01:15.170334200+00:00,clean,30,472.674401676249,250.17632892732988,0.9797958971132712,13,7,2,36.206896551724135,18.482758620689655,0.07375845575582571,0.09364275406463486,1e-06,0.4419429302215576
::1|no-session,2026-04-07 21:01:13.322547300+00:00,2026-04-07 21:01:16.315195800+00:00,clean,30,555.1544289654906,293.7590112093018,0.9165151389911679,14,7,3,80.24137931034483,41.724137931034484,0.10319481384593043,0.171650822113058,1e-06,0.8399412631988525
::1|no-session,2026-04-07 21:01:13.735244600+00:00,2026-04-07 21:01:16.763552100+00:00,clean,30,626.1551955297416,331.47750887336065,0.7,12,7,3,79.6896551724138,41.724137931034484,0.10442442889299064,0.18508681178542108,1e-06,0.8399412631988525
::1|no-session,2026-04-07 21:01:14.065281600+00:00,2026-04-07 21:01:17.056493500+00:00,clean,30,629.9433096186777,333.3087057568904,0.4898979485566356,12,7,2,46.58620689655172,24.482758620689655,0.10314523762670057,0.1849540595957503,9.5367431640625e-06,0.8399412631988525
::1|no-session,2026-04-07 21:01:14.545458+00:00,2026-04-07 21:01:17.532192800+00:00,clean,30,637.0283475290213,337.09340776045383,0.4955356249106168,12,7,2,46.310344827586206,24.620689655172413,0.10299085748606715,0.17130496565160994,9.5367431640625e-06,0.8399412631988525
::1|no-session,2026-04-07 21:01:14.941829600+00:00,2026-04-07 21:01:17.545652600+00:00,clean,30,1238.8364294324288,656.1565328148121,0.6506407098647712,15,11,3,134.55172413793105,71.55172413793103,0.0897869899355132,0.17373661989430833,9.5367431640625e-07,0.8399412631988525
::1|no-session,2026-04-07 21:01:15.442976900+00:00,2026-04-07 21:01:18.051129500+00:00,clean,30,1355.8739407973492,718.1944807795603,0.6155395104206463,15,11,3,134.41379310344828,71.72413793103448,0.08993629751534298,0.1825081116847556,9.5367431640625e-07,0.8399412631988525
::1|no-session,2026-04-07 21:01:16.315237200+00:00,2026-04-07 21:01:18.681666900+00:00,clean,30,1286.0342837144306,681.1674528989835,0.5,12,8,2,90.3103448275862,48.310344827586206,0.08160102778467639,0.1261604428269331,9.5367431640625e-07,0.4432401657104492
::1|no-session,2026-04-07 21:01:16.778904400+00:00,2026-04-07 21:01:19.031720500+00:00,clean,30,1212.783758777943,642.2188455312998,0.4714045207910317,12,8,2,90.58620689655173,48.310344827586206,0.07768330902888856,0.1059539535959765,9.5367431640625e-07,0.4275791645050049
::1|no-session,2026-04-07 21:01:17.119186300+00:00,2026-04-07 21:01:19.331666200+00:00,clean,30,959.0065693205652,507.6034990248021,0.37267799624996495,10,7,2,90.89655172413794,48.275862068965516,0.07629241614506163,0.10376496155080898,9.5367431640625e-07,0.4275791645050049
::1|no-session,2026-04-07 21:01:17.545615200+00:00,2026-04-07 21:01:19.777206900+00:00,clean,30,1.9405039437103848,1.2472191289246473,0.0,7,5,1,2.586206896551724,1.2758620689655173,0.07695147246577823,0.10666729931242394,9.5367431640625e-07,0.4275791645050049
::1|no-session,2026-04-07 21:01:17.545654700+00:00,2026-04-07 21:01:20.100779200+00:00,clean,30,1.9947152400502908,1.4590712418826193,0.0,7,5,1,2.689655172413793,1.0,0.088107776595017,0.10787712587636104,1e-06,0.4275791645050049
::1|no-session,2026-04-07 21:01:18.427383400+00:00,2026-04-07 21:01:20.942819500+00:00,clean,30,2.042873792805942,1.686877457183999,0.0,8,6,1,2.7241379310344827,0.896551724137931,0.08673922106565278,0.1572365241431916,1e-06,0.8363590240478516
::1|no-session,2026-04-07 21:01:18.718905+00:00,2026-04-07 21:01:21.452097600+00:00,clean,30,2.2708295107001466,1.8138357147217052,0.0,8,6,1,3.0689655172413794,0.9310344827586207,0.09424805800918054,0.16746835582999406,1e-06,0.8363590240478516
::1|no-session,2026-04-07 21:01:19.036570800+00:00,2026-04-07 21:01:23.370728400+00:00,clean,30,1283.9252769015286,680.0123887760346,0.24944382578492943,11,8,2,179.93103448275863,94.82758620689656,0.14945378294162093,0.3395039138998816,1e-06,1.7076876163482666
::1|no-session,2026-04-07 21:01:19.441275300+00:00,2026-04-07 21:01:23.761334900+00:00,clean,30,2176.499503535181,1152.8851903907096,0.4229525846816507,13,8,2,179.79310344827587,94.72413793103448,0.14896767372026115,0.344417942299834,1e-06,1.7076876163482666
::1|no-session,2026-04-07 21:01:19.777230800+00:00,2026-04-07 21:01:24.056935300+00:00,clean,30,2521.138384848312,1335.2308085953614,0.4898979485566356,15,8,2,179.44827586206895,94.79310344827586,0.14757608864725047,0.3433957880727812,1e-06,1.7076876163482666
::1|no-session,2026-04-07 21:01:20.937138400+00:00,2026-04-07 21:01:24.309469900+00:00,clean,30,2549.7514190385086,1350.4739781112244,0.4955356249106168,14,8,2,179.17241379310346,94.93103448275862,0.11628736618147226,0.31791833248581297,1e-06,1.7076876163482666
::1|no-session,2026-04-07 21:01:20.942847800+00:00,2026-04-07 21:01:24.703740600+00:00,clean,30,2275.185596580835,1205.1664154335238,0.4422166387140533,11,8,2,179.20689655172413,94.93103448275862,0.1296860299324825,0.3169869140368207,1e-06,1.7076876163482666
::1|no-session,2026-04-07 21:01:21.663035900+00:00,2026-04-07 21:01:25.214828600+00:00,clean,30,1542.9344423316675,817.6451933584776,0.29999999999999993,8,7,2,178.82758620689654,94.89655172413794,0.12247567660732928,0.3143450571012182,1e-06,1.7076876163482666
::1|no-session,2026-04-07 21:01:23.370728400+00:00,2026-04-07 21:01:25.371061700+00:00,clean,30,2.362907813126304,1.1474609652039003,0.0,8,4,1,1.6896551724137931,1.0344827586206897,0.06897701066115806,0.09349427799827824,5.364418029785156e-05,0.38432860374450684
::1|no-session,2026-04-07 21:01:23.772454900+00:00,2026-04-07 21:01:26.045325600+00:00,clean,30,1848.128562146644,978.4046788295503,0.17950549357115014,10,5,2,356.37931034482756,189.13793103448276,0.07837484622823782,0.10134993810982951,0.0026035308837890625,0.4278392791748047
::1|no-session,2026-04-07 21:01:24.063714300+00:00,2026-04-07 21:01:26.054166200+00:00,clean,30,4118.417457659623,2179.783581510381,0.4,12,7,2,356.2413793103448,189.0344827586207,0.0686363121090593,0.10388683258070633,1e-06,0.4278392791748047
::1|no-session,2026-04-07 21:01:24.335977600+00:00,2026-04-07 21:01:26.732892800+00:00,clean,30,4960.960583619087,2626.1218631282136,0.48189440982669873,13,8,2,356.0689655172414,189.20689655172413,0.08265228266801505,0.1109831757768635,1e-06,0.4278392791748047
::1|no-session,2026-04-07 21:01:24.706344200+00:00,2026-04-07 21:01:27.069639300+00:00,clean,30,5135.759327175161,2718.741943742853,0.49888765156985887,14,8,2,356.3448275862069,189.31034482758622,0.08149297643779886,0.10648199035869835,1e-06,0.4278392791748047
::1|no-session,2026-04-07 21:01:25.224420100+00:00,2026-04-07 21:01:27.150086800+00:00,clean,30,4717.129334669551,2497.4239619166697,0.4582575694955841,10,8,2,356.6551724137931,189.20689655172413,0.06640233824420798,0.10103327270686538,1e-06,0.4278392791748047
::1|no-session,2026-04-07 21:01:25.592517100+00:00,2026-04-07 21:01:27.453282+00:00,clean,30,3498.607779611135,1852.6440759687823,0.339934634239519,8,8,2,356.7586206896552,189.31034482758622,0.06416434414883318,0.09978134033611896,1e-06,0.4278392791748047
::1|no-session,2026-04-07 21:01:26.045408+00:00,2026-04-07 21:01:29.366165600+00:00,clean,30,2.0925794820959345,1.2631530214330944,0.0,8,5,1,2.206896551724138,1.4827586206896552,0.11450894445064151,0.3055951019916967,1e-06,1.6783833503723145
::1|no-session,2026-04-07 21:01:26.338493700+00:00,2026-04-07 21:01:29.799689+00:00,clean,30,2.2499382707581606,1.4685593847940461,0.0,8,5,1,2.7241379310344827,1.5172413793103448,0.11935160237595131,0.3047847864067849,1e-06,1.6783833503723145
::1|no-session,2026-04-07 21:01:26.738176300+00:00,2026-04-07 21:01:29.846605700+00:00,clean,30,6999.077932048542,3705.176653308479,0.33993463423951903,11,8,2,712.4827586206897,377.2413793103448,0.1071872562729408,0.3060820758984205,1e-06,1.6783833503723145
::1|no-session,2026-04-07 21:01:27.100937+00:00,2026-04-07 21:01:30.278126600+00:00,clean,30,9435.472655475307,4995.204096486505,0.45825756949558405,14,9,2,712.4827586206897,377.17241379310343,0.10955829615678458,0.3104913721149752,1e-06,1.6783833503723145
::1|no-session,2026-04-07 21:01:27.339010700+00:00,2026-04-07 21:01:30.603219200+00:00,clean,30,10272.208316077362,5438.276456950513,0.49888765156985887,14,9,2,712.4827586206897,377.3103448275862,0.11255895018005371,0.3094223070935601,1e-06,1.6783833503723145
::1|no-session,2026-04-07 21:01:27.668868800+00:00,2026-04-07 21:01:30.973352400+00:00,clean,30,9921.70114608489,5253.35935653453,0.48189440982669873,14,9,2,712.6896551724138,377.2413793103448,0.11394774662465063,0.307930378186361,1e-06,1.6783833503723145
::1|no-session,2026-04-07 21:01:29.366333400+00:00,2026-04-07 21:01:31.235147100+00:00,clean,30,8235.516917527939,4360.600145876967,0.4000000000000001,12,7,2,712.6551724137931,377.1034482758621,0.0644418453348094,0.08449261990549309,0.00045943260192871094,0.370471715927124
::1|no-session,2026-04-07 21:01:29.830230400+00:00,2026-04-07 21:01:31.529737400+00:00,clean,30,3695.2759061025768,1956.6968379275197,0.1795054935711501,9,5,2,712.1379310344828,376.9655172413793,0.05860368958834944,0.07185858207542498,0.0022232532501220703,0.370471715927124
::1|no-session,2026-04-07 21:01:29.854003500+00:00,2026-04-07 21:01:32.871122200+00:00,clean,30,5136.895227988724,2718.964642816984,0.24944382578492943,9,6,2,712.2068965517242,377.13793103448273,0.10403857559993349,0.1931576608965848,4.9591064453125e-05,1.04976224899292
::1|no-session,2026-04-07 21:01:30.280349800+00:00,2026-04-07 21:01:33.465868700+00:00,clean,30,7000.182785629403,3705.326912552911,0.339934634239519,9,8,2,1421.6896551724137,753.0344827586207,0.10984551655262914,0.20804130776803023,1e-06,1.04976224899292
::1|no-session,2026-04-07 21:01:30.698223100+00:00,2026-04-07 21:01:33.643268500+00:00,clean,30,6999.790489642451,3705.300774116275,0.339934634239519,9,8,2,1421.103448275862,753.0344827586207,0.10155332659280712,0.2108856897965004,1e-06,1.04976224899292
::1|no-session,2026-04-07 21:01:31.027140200+00:00,2026-04-07 21:01:36.077605700+00:00,clean,30,6999.450607408809,3705.2746252995726,0.339934634239519,10,8,2,1420.7586206896551,753.1724137931035,0.17415402013107825,0.42373616218698884,1e-06,2.110664129257202
::1|no-session,2026-04-07 21:01:31.282085100+00:00,2026-04-07 21:01:36.813294500+00:00,clean,30,8235.950233309786,4360.20013824544,0.4,9,8,2,2130.2758620689656,1129.1379310344828,0.19073142996005354,0.4375474309429605,1e-06,2.110664129257202
::1|no-session,2026-04-07 21:01:31.537020900+00:00,2026-04-07 21:01:36.834209900+00:00,clean,30,12102.280114874588,6407.755639327496,0.7187952884282609,8,10,3,2484.9310344827586,1317.0689655172414,0.18266175030517579,0.4402032896910107,1e-06,2.110664129257202
::1|no-session,2026-04-07 21:01:32.871436700+00:00,2026-04-07 21:01:37.076942300+00:00,clean,30,13983.87012116301,7404.375250185228,0.8825468196582487,10,11,3,1775.3103448275863,941.0,0.14501750377628722,0.4095977433957347,1e-06,2.110664129257202
::1|no-session,2026-04-07 21:01:33.465885200+00:00,2026-04-07 21:01:37.177847700+00:00,clean,30,14701.634027284934,7784.768512650557,0.9480975102218594,11,11,3,1065.7241379310344,565.1379310344828,0.12799885172034955,0.40089013270982776,1e-06,2.110664129257202
::1|no-session,2026-04-07 21:01:33.651877+00:00,2026-04-07 21:01:37.465732600+00:00,clean,30,13380.684727579857,7085.630843396296,0.8749603165604457,10,11,3,1066.1379310344828,565.0689655172414,0.131512393435248,0.3993478564474408,1e-06,2.110664129257202
::1|no-session,2026-04-07 21:01:36.077605700+00:00,2026-04-07 21:01:37.659592800+00:00,clean,30,9433.268618152579,4995.480439579583,0.6403124237432848,9,10,3,1066.655172413793,564.7586206896551,0.054551376004975415,0.1346800216946638,1e-06,0.7335340976715088
::1|no-session,2026-04-07 21:01:36.814130400+00:00,2026-04-07 21:01:39.163255500+00:00,clean,30,1847.0879194619354,978.577893339786,0.1795054935711501,9,5,2,357.2413793103448,188.75862068965517,0.0810044106361126,0.252522589124086,1e-06,1.399496078491211
::1|no-session,2026-04-07 21:01:36.835870900+00:00,2026-04-07 21:01:39.999781500+00:00,clean,30,2.340227909129081,1.2995725793078619,0.0,8,5,1,2.4482758620689653,0.9310344827586207,0.109100599618846,0.28731076007700446,1e-06,1.399496078491211
::1|no-session,2026-04-07 21:01:37.076942300+00:00,2026-04-07 21:01:40.319446600+00:00,clean,30,2.4369835635245654,1.505545305418162,0.0,9,5,1,2.5172413793103448,0.9310344827586207,0.11181072827148437,0.29025876604165135,1e-06,1.399496078491211
::1|no-session,2026-04-07 21:01:37.222850300+00:00,2026-04-07 21:01:41.583204+00:00,clean,30,2.6832815729997477,1.5260697523012796,0.0,10,5,1,2.3793103448275863,1.1379310344827587,0.1503571968368004,0.3364860349260418,1e-06,1.399496078491211
::1|no-session,2026-04-07 21:01:37.471117800+00:00,2026-04-07 21:01:46.779252300+00:00,clean,30,7703.529579499401,4078.4870103180824,0.49888765156985887,12,7,2,1066.655172413793,564.7931034482758,0.32097036399367757,0.9811538946423579,1e-06,5.194606065750122
::1|no-session,2026-04-07 21:01:37.738851800+00:00,2026-04-07 21:01:46.949163100+00:00,clean,30,13061.879334749481,6915.487673090501,0.8459051693633014,12,8,2,1066.344827586207,564.9655172413793,0.31759714394457583,0.9824427348114982,1e-06,5.194606065750122
::1|no-session,2026-04-07 21:01:39.163255500+00:00,2026-04-07 21:01:46.974217300+00:00,clean,30,15128.878871622386,8010.049296283318,0.9797958971132712,14,8,2,1066.1724137931035,565.0,0.2693436801147461,0.9622725260941647,1e-06,5.194606065750122
::1|no-session,2026-04-07 21:01:39.999815500+00:00,2026-04-07 21:01:47.423201600+00:00,clean,30,15303.220991528404,8102.236269080285,0.9910712498212336,13,9,2,1066.1724137931035,565.2068965517242,0.25597889989497746,0.9544065421419975,1e-06,5.194606065750122
::1|no-session,2026-04-07 21:01:40.341089900+00:00,2026-04-07 21:01:47.695911400+00:00,clean,30,13655.790625062893,7230.1768025101255,0.8844332774281065,9,9,2,1065.8620689655172,565.2758620689655,0.2536145752405627,0.9536133632508036,1e-06,5.194606065750122
::1|no-session,2026-04-07 21:01:41.583204+00:00,2026-04-07 21:01:47.838168700+00:00,clean,30,9263.989088520248,4904.8334511309695,0.5999999999999999,8,7,2,1066.2068965517242,565.0344827586207,0.2156884341404356,0.9423596443259309,2.2649765014648438e-05,5.194606065750122
::1|no-session,2026-04-07 21:01:46.779460800+00:00,2026-04-07 21:01:48.777293500+00:00,clean,30,2.362907813126304,1.1474609652039003,0.0,8,4,1,1.5517241379310345,1.3793103448275863,0.06889085431434368,0.17057173854873345,1e-06,0.9289114475250244
::1|no-session,2026-04-07 21:01:46.956810300+00:00,2026-04-07 21:01:49.426356800+00:00,clean,30,2.7968235951204043,1.251221625274897,0.0,9,5,1,1.4137931034482758,1.4482758620689655,0.08515684677492338,0.18432919512401227,1e-06,0.9289114475250244
::1|no-session,2026-04-07 21:01:47.128669400+00:00,2026-04-07 21:01:49.427140100+00:00,clean,30,2.862788073811185,1.3349989596333856,0.0,10,5,1,1.4482758620689655,1.3793103448275863,0.07925767231487404,0.18471954574349764,2.384185791015625e-07,0.9289114475250244
::1|no-session,2026-04-07 21:01:47.434751600+00:00,2026-04-07 21:01:49.976657400+00:00,clean,30,2.5623340054636814,1.2310790208412925,0.0,10,5,1,1.4827586206896552,1.1724137931034482,0.08765199586118501,0.19008673553813832,2.384185791015625e-07,0.9289114475250244
::1|no-session,2026-04-07 21:01:47.723330500+00:00,2026-04-07 21:01:50.664241200+00:00,clean,30,2.9674156357941426,1.2578641509408806,0.0,11,5,1,1.3103448275862069,1.3103448275862069,0.10141084750944993,0.22140067247878426,2.384185791015625e-07,0.9289114475250244
::1|no-session,2026-04-07 21:01:47.848369300+00:00,2026-04-07 21:01:51.682253800+00:00,clean,30,2.2874051285730346,1.5260697523012796,0.0,10,6,1,1.1379310344827587,1.3793103448275863,0.13220311991777092,0.24532108101590178,2.384185791015625e-07,0.9289114475250244
::1|no-session,2026-04-07 21:01:48.778183200+00:00,2026-04-07 21:01:51.685197700+00:00,clean,30,2.6095976701399777,1.8633899812498247,0.0,10,6,1,1.2413793103448276,1.206896551724138,0.10024202097873029,0.19456977137532971,2.384185791015625e-07,0.6875736713409424
::1|no-session,2026-04-07 21:01:49.426357100+00:00,2026-04-07 21:01:52.098300100+00:00,clean,30,3.3,1.9621416870348585,0.0,11,6,1,1.6206896551724137,1.2758620689655173,0.09213610992115942,0.1810015708133114,9.5367431640625e-07,0.6875736713409424
::1|no-session,2026-04-07 21:01:49.593601500+00:00,2026-04-07 21:01:52.915552400+00:00,clean,30,3.700450423034111,1.9310331143946984,0.0,11,7,1,1.4137931034482758,1.3103448275862069,0.11455017761704016,0.21801606655070216,9.5367431640625e-07,0.767601490020752
::1|no-session,2026-04-07 21:01:49.976657400+00:00,2026-04-07 21:01:53.184794200+00:00,clean,30,3.837823457233135,1.7688665548562132,0.0,12,7,1,1.8620689655172413,1.103448275862069,0.11062551023969978,0.216725169090357,9.5367431640625e-07,0.767601490020752
::1|no-session,2026-04-07 21:01:50.664241200+00:00,2026-04-07 21:01:53.530564500+00:00,clean,30,3.273462319250912,1.6599866130651644,0.0,12,8,1,2.2758620689655173,1.0344827586206897,0.09883884382997711,0.18940193182103573,1e-06,0.767601490020752
::1|no-session,2026-04-07 21:01:51.683489400+00:00,2026-04-07 21:01:53.957268+00:00,clean,30,2.2300971578236974,1.369914839202301,0.0,9,6,1,2.5517241379310347,0.896551724137931,0.07840626472367912,0.15221369590058242,1e-06,0.767601490020752
::1|no-session,2026-04-07 21:01:51.852919400+00:00,2026-04-07 21:01:54.591364400+00:00,clean,30,2.252159457547849,1.569146972791976,0.0,9,7,1,2.5172413793103448,0.9655172413793104,0.09442924288151182,0.16086825443058253,1e-06,0.767601490020752
::1|no-session,2026-04-07 21:01:52.124721800+00:00,2026-04-07 21:01:55.299040800+00:00,clean,30,22176.808232450603,11737.567198056371,0.3590109871423003,9,7,2,4262.517241379311,2255.5172413793102,0.1094593720839928,0.1750564549159658,1e-06,0.767601490020752
::1|no-session,2026-04-07 21:01:52.915560400+00:00,2026-04-07 21:01:55.307880100+00:00,clean,30,49417.53337897615,26155.650027479725,0.8,11,8,2,4262.413793103448,2255.4827586206898,0.0824938854917329,0.1244545184225757,9.5367431640625e-07,0.3960075378417969
::1|no-session,2026-04-07 21:01:53.202316200+00:00,2026-04-07 21:01:55.723728200+00:00,clean,30,59534.74797221834,31510.911775111952,0.9637888196533975,14,9,2,4262.068965517241,2255.5172413793102,0.08694534123282596,0.12880668298955728,9.5367431640625e-07,0.3960075378417969
::1|no-session,2026-04-07 21:01:53.530564500+00:00,2026-04-07 21:01:56.066206100+00:00,clean,30,61634.08162506809,32622.094284293475,0.9977753031397177,15,8,2,4262.310344827586,2255.5862068965516,0.08743591966300175,0.12392255039278909,9.5367431640625e-07,0.3960075378417969
::1|no-session,2026-04-07 21:01:54.107333500+00:00,2026-04-07 21:01:56.452612800+00:00,clean,30,56614.493120244595,29965.506127991008,0.9165151389911682,14,7,2,4262.206896551724,2255.6206896551726,0.0808717053512047,0.123059794336214,9.5367431640625e-07,0.3960075378417969
::1|no-session,2026-04-07 21:01:54.591368100+00:00,2026-04-07 21:01:56.819268300+00:00,clean,30,41996.65569898261,22228.50879898754,0.679869268479038,11,5,2,4262.310344827586,2255.7241379310344,0.0768241471257703,0.1068090171592789,9.5367431640625e-07,0.38753628730773926
::1|no-session,2026-04-07 21:01:55.299041900+00:00,2026-04-07 21:01:57.231453300+00:00,clean,30,2.2744962812309306,1.116044602852214,0.0,8,4,1,2.310344827586207,1.103448275862069,0.06663487697469778,0.07654571050613077,1.811981201171875e-05,0.3416256904602051
::1|no-session,2026-04-07 21:01:55.649505800+00:00,2026-04-07 21:01:58.944348800+00:00,clean,30,27997.657219131746,14818.77055482899,0.33993463423951903,10,6,2,2842.0689655172414,1504.344827586207,0.11361526620799098,0.30613785171221986,2.384185791015625e-07,1.7059478759765625
::1|no-session,2026-04-07 21:01:55.863958500+00:00,2026-04-07 21:01:59.404002500+00:00,clean,30,37743.09729361854,19976.56767081539,0.45825756949558405,12,7,2,2842.0,1504.2068965517242,0.12207048514793659,0.3080841931292374,2.384185791015625e-07,1.7059478759765625
::1|no-session,2026-04-07 21:01:56.132501800+00:00,2026-04-07 21:01:59.837361200+00:00,clean,30,41089.38036401728,21747.751069529517,0.49888765156985887,12,8,2,2842.0,1504.2068965517242,0.1277537674739443,0.3065341131560843,2.384185791015625e-07,1.7059478759765625
::1|no-session,2026-04-07 21:01:56.532244800+00:00,2026-04-07 21:02:00.077044600+00:00,clean,30,39689.86814094443,21006.870262527606,0.48189440982669873,13,8,2,2841.8275862068967,1504.344827586207,0.12223447602370689,0.306854993536128,2.384185791015625e-07,1.7059478759765625
::1|no-session,2026-04-07 21:01:56.870430100+00:00,2026-04-07 21:02:00.435128200+00:00,clean,30,32943.98338440909,17436.78336483602,0.4000000000000001,10,8,2,2842.310344827586,1504.3793103448277,0.12292062003037026,0.30677347819812145,2.384185791015625e-07,1.7059478759765625
::1|no-session,2026-04-07 21:01:57.238373800+00:00,2026-04-07 21:02:00.522002800+00:00,clean,30,18416.33050022,9747.318518386937,0.31446603773522014,10,7,3,4262.379310344828,2256.0689655172414,0.11322861041943781,0.3084183845980374,2.384185791015625e-07,1.7059478759765625
::1|no-session,2026-04-07 21:01:58.947513+00:00,2026-04-07 21:02:00.751341700+00:00,clean,30,17417.89946900091,9219.052884591176,0.4229525846816507,10,7,2,1422.5862068965516,752.8620689655172,0.06220102469924401,0.07349043988248417,1e-06,0.31983137130737305
::1|no-session,2026-04-07 21:01:59.535890800+00:00,2026-04-07 21:02:00.815164800+00:00,clean,30,20174.596378752052,10678.169551264655,0.4898979485566357,11,7,2,1422.4827586206898,752.9655172413793,0.04411294702253671,0.053214558852135135,1e-06,0.2207658290863037
::1|no-session,2026-04-07 21:01:59.849431600+00:00,2026-04-07 21:02:00.997846400+00:00,clean,30,20406.27148645457,10801.017409896574,0.4955356249106168,12,7,2,1422.5172413793102,752.9310344827586,0.0396005547811574,0.051012857587737256,1e-06,0.2207658290863037
::1|no-session,2026-04-07 21:02:00.134658700+00:00,2026-04-07 21:02:01.244489300+00:00,clean,30,18983.31332749897,10047.784988853125,0.49553562491061687,11,8,3,2133.0344827586205,1128.448275862069,0.03827004756848566,0.053546599489632,1e-06,0.2207658290863037
::1|no-session,2026-04-07 21:02:00.513479400+00:00,2026-04-07 21:02:01.249432600+00:00,clean,30,15949.074638465185,8441.984875147682,0.5385164807134505,13,7,3,2132.310344827586,1128.2413793103449,0.02537772733017494,0.04798630831448601,1e-06,0.2207658290863037
::1|no-session,2026-04-07 21:02:00.523940600+00:00,2026-04-07 21:02:01.532120300+00:00,clean,30,9922.888583919952,5251.991990875674,0.48189440982669873,13,6,2,712.5172413793103,376.41379310344826,0.034764816021097114,0.054117313303680165,4.0531158447265625e-06,0.2207658290863037
::1|no-session,2026-04-07 21:02:00.779961200+00:00,2026-04-07 21:02:01.541239600+00:00,clean,30,10748.940706517187,5689.341317469594,0.5587684871413403,14,7,3,1067.551724137931,564.3103448275862,0.026251047961531018,0.04171025160718012,1e-06,0.1633591651916504
::1|no-session,2026-04-07 21:02:00.884385300+00:00,2026-04-07 21:02:01.564515400+00:00,clean,30,11464.511967904356,6067.995105927126,0.7,14,8,3,1067.3793103448277,564.3103448275862,0.023452827754579745,0.04125858399564107,1e-06,0.1633591651916504
::1|no-session,2026-04-07 21:02:01.008473500+00:00,2026-04-07 21:02:01.944457800+00:00,clean,30,9712.555873484362,5140.710634943599,0.6674994798166929,15,8,3,1067.1379310344828,564.2413793103449,0.032275383954278355,0.06541940854411019,1e-06,0.30057334899902344
::1|no-session,2026-04-07 21:02:01.244493300+00:00,2026-04-07 21:02:02.120884700+00:00,clean,30,5136.119998598163,2718.5235911346354,0.49888765156985887,13,7,2,356.7586206896552,188.6206896551724,0.0302204624423323,0.06185345410396195,1e-06,0.30057334899902344
::1|no-session,2026-04-07 21:02:01.412791900+00:00,2026-04-07 21:02:02.379397400+00:00,clean,30,4717.907573514155,2497.0457008677718,0.4582575694955841,11,7,2,356.6551724137931,188.79310344827587,0.03333129873446761,0.060277109292794936,1e-06,0.30057334899902344
::1|no-session,2026-04-07 21:02:01.532120300+00:00,2026-04-07 21:02:02.608553800+00:00,clean,30,3500.137537615089,1852.2583576092547,0.339934634239519,9,7,2,357.0,188.86206896551724,0.03711842828211292,0.0666889372736981,1e-06,0.30057334899902344
::1|no-session,2026-04-07 21:02:01.544352700+00:00,2026-04-07 21:02:02.863192500+00:00,clean,30,1.9493588689617927,1.3085190950927015,0.0,7,5,1,2.2758620689655173,1.0344827586206897,0.04547723408403068,0.0745235079233766,2.1696090698242188e-05,0.30057334899902344
::1|no-session,2026-04-07 21:02:01.865088700+00:00,2026-04-07 21:02:04.629148500+00:00,clean,30,5543.340481454602,2935.2556400119943,0.3590109871423003,8,6,2,1067.4827586206898,564.6896551724138,0.09531240627683442,0.2843389933538313,2.1696090698242188e-05,1.560718059539795
::1|no-session,2026-04-07 21:02:01.987611+00:00,2026-04-07 21:02:04.634307200+00:00,clean,30,12352.816821770743,6540.833464135558,0.8,10,7,2,1067.344827586207,564.6206896551724,0.09126539065920074,0.28536301277350845,2.1696090698242188e-05,1.560718059539795
::1|no-session,2026-04-07 21:02:02.152792900+00:00,2026-04-07 21:02:04.850242500+00:00,clean,30,14881.731875356443,7880.002037788795,0.9637888196533974,13,8,2,1067.551724137931,564.6551724137931,0.09301550634976091,0.2861433931041738,2.1696090698242188e-05,1.560718059539795
::1|no-session,2026-04-07 21:02:02.388716500+00:00,2026-04-07 21:02:05.178870+00:00,clean,30,15406.04724688761,8157.748590552829,0.9977753031397177,13,9,2,1067.655172413793,564.5862068965517,0.0962121897730334,0.2855309236449181,2.1696090698242188e-05,1.560718059539795
::1|no-session,2026-04-07 21:02:02.608639500+00:00,2026-04-07 21:02:05.387847200+00:00,clean,30,14151.844944859075,7492.896834039259,0.9165151389911681,14,6,2,1067.7241379310344,564.3448275862069,0.09583474849832468,0.2838864636209859,2.1696090698242188e-05,1.560718059539795
::1|no-session,2026-04-07 21:02:02.863242300+00:00,2026-04-07 21:02:05.550675900+00:00,clean,30,10497.78311644892,5558.088260064486,0.6798692684790381,11,5,2,1067.5172413793102,564.4827586206897,0.0926701282632762,0.282112689407342,3.6716461181640625e-05,1.560718059539795
::1|no-session,2026-04-07 21:02:04.629185200+00:00,2026-04-07 21:02:07.911776300+00:00,clean,30,1.9745604292826513,1.3148721948877347,0.0,7,5,1,2.6206896551724137,0.7931034482758621,0.11319279670715332,0.42237495852959295,4.0531158447265625e-06,2.3377699851989746
::1|no-session,2026-04-07 21:02:04.807443200+00:00,2026-04-07 21:02:09.810540800+00:00,clean,30,2.1592179654268864,1.5790292376436015,0.0,7,6,1,2.7586206896551726,0.7241379310344828,0.1725206128482161,0.5146945806243042,4.0531158447265625e-06,2.3377699851989746
::1|no-session,2026-04-07 21:02:04.852415900+00:00,2026-04-07 21:02:09.810620700+00:00,clean,30,2.1291625896895083,1.6802777548171413,0.0,7,6,1,2.6551724137931036,0.5862068965517241,0.17097257745677027,0.5151869581250411,4.0531158447265625e-06,2.3377699851989746
::1|no-session,2026-04-07 21:02:05.245308300+00:00,2026-04-07 21:02:10.444873300+00:00,clean,30,2.324985065662908,1.4715826703096078,0.0,8,6,1,2.1724137931034484,0.5862068965517241,0.17929541150954675,0.519333522419427,1e-06,2.3377699851989746
::1|no-session,2026-04-07 21:02:05.412523900+00:00,2026-04-07 21:02:10.684602600+00:00,clean,30,7672.829058799339,4062.264911351794,0.37267799624996495,12,7,2,711.8620689655172,376.44827586206895,0.18179589623918205,0.5200987244190036,1e-06,2.3377699851989746
::1|no-session,2026-04-07 21:02:05.553984100+00:00,2026-04-07 21:02:10.942523800+00:00,clean,30,9705.606470489107,5138.097272553549,0.4714045207910317,12,9,2,711.8275862068965,376.48275862068965,0.18581179412157783,0.5195599247598197,1e-06,2.3377699851989746
::1|no-session,2026-04-07 21:02:07.911792+00:00,2026-04-07 21:02:11.098427400+00:00,clean,30,10294.36687735363,5449.800074212712,0.5,14,8,2,711.8620689655172,376.51724137931035,0.1098840433039172,0.3233064298988601,1e-06,1.7328734397888184
::1|no-session,2026-04-07 21:02:09.810545200+00:00,2026-04-07 21:02:11.145025400+00:00,clean,30,9706.148589711347,5137.979392718503,0.4714045207910317,14,8,2,711.7931034482758,376.7241379310345,0.04601662231813628,0.100125720963206,1e-06,0.46810221672058105
::1|no-session,2026-04-07 21:02:09.976579400+00:00,2026-04-07 21:02:11.317179500+00:00,clean,30,7674.170604842077,4062.085961260134,0.37267799624996495,9,8,2,711.8620689655172,377.0,0.04622765564596242,0.09879176880258371,1e-06,0.46810221672058105
::1|no-session,2026-04-07 21:02:10.680051400+00:00,2026-04-07 21:02:11.977595700+00:00,clean,30,1.9652537297311568,1.247219128924647,0.0,7,5,1,2.1379310344827585,1.103448275862069,0.04474289663906755,0.10176468618657303,5.4836273193359375e-06,0.5249865055084229
::1|no-session,2026-04-07 21:02:10.684646300+00:00,2026-04-07 21:02:12.176848300+00:00,clean,30,2.1615323782497966,1.5162087220725544,0.0,8,5,1,2.5172413793103448,1.0,0.05145527736321811,0.10509684408536316,1e-06,0.5249865055084229
::1|no-session,2026-04-07 21:02:10.946415500+00:00,2026-04-07 21:02:13.623619700+00:00,clean,30,2.4303634844744244,1.601735170231195,0.0,8,6,1,2.3793103448275863,0.9655172413793104,0.09231751357453445,0.27600099432227837,1e-06,1.4459905624389648
::1|no-session,2026-04-07 21:02:11.129631600+00:00,2026-04-07 21:02:13.801838600+00:00,clean,30,2.4287628309262494,1.8785337071473827,0.0,8,6,1,2.6206896551724137,0.8275862068965517,0.09214521093381683,0.27676957793531487,1e-06,1.4459905624389648
::1|no-session,2026-04-07 21:02:11.286246+00:00,2026-04-07 21:02:16.106637800+00:00,clean,30,2.5527762664727724,1.879716290649558,0.0,9,7,1,2.5172413793103448,0.896551724137931,0.16622054804782208,0.43785848296911156,1e-06,1.9703950881958008
::1|no-session,2026-04-07 21:02:11.425030100+00:00,2026-04-07 21:02:16.109973300+00:00,clean,30,2.626573602412255,2.1707653540219916,0.0,10,7,1,2.4482758620689653,0.7241379310344828,0.16154999864617714,0.43912854660797,1e-06,1.9703950881958008
::1|no-session,2026-04-07 21:02:11.980065900+00:00,2026-04-07 21:02:17.231413700+00:00,clean,30,3.048496897379647,2.4515301344262532,0.0,10,8,1,2.5172413793103448,0.8275862068965517,0.18108120753952553,0.457196564069222,1e-06,1.9703950881958008
::1|no-session,2026-04-07 21:02:12.176848300+00:00,2026-04-07 21:02:17.235656300+00:00,clean,30,3.1249888888691357,2.758622844826745,0.0,10,8,1,2.4827586206896552,0.7931034482758621,0.17444182240979425,0.45831684227671277,1e-06,1.9703950881958008
::1|no-session,2026-04-07 21:02:13.624065900+00:00,2026-04-07 21:02:18.194176200+00:00,clean,30,3499.7720630540116,1852.371029848562,0.33993463423951903,12,11,2,357.51724137931035,188.68965517241378,0.15759014900154902,0.399346605161141,1e-06,1.9703950881958008
::1|no-session,2026-04-07 21:02:13.915212700+00:00,2026-04-07 21:02:18.371723500+00:00,clean,30,4717.937044584917,2497.6426132121733,0.45825756949558405,12,11,2,357.3103448275862,188.79310344827587,0.15367291530424973,0.4001812495917118,2.384185791015625e-07,1.9703950881958008
::1|no-session,2026-04-07 21:02:16.106637900+00:00,2026-04-07 21:02:18.548414500+00:00,clean,30,5135.727995999096,2719.539238956155,0.49888765156985887,12,9,2,357.44827586206895,188.72413793103448,0.08419930180937668,0.20689058133993476,2.384185791015625e-07,0.9594969749450684
::1|no-session,2026-04-07 21:02:16.247970+00:00,2026-04-07 21:02:18.646537300+00:00,clean,30,4960.409360795405,2627.064908262113,0.48189440982669873,14,8,2,357.3103448275862,188.82758620689654,0.0827092482657597,0.20630198359311802,2.384185791015625e-07,0.9594969749450684
::1|no-session,2026-04-07 21:02:17.232914900+00:00,2026-04-07 21:02:18.762974600+00:00,clean,30,4117.667125394615,2181.0335765921222,0.4000000000000001,13,5,2,357.17241379310343,188.68965517241378,0.05276071773976293,0.12253942094448211,2.384185791015625e-07,0.5158975124359131
::1|no-session,2026-04-07 21:02:17.678096800+00:00,2026-04-07 21:02:19.131114600+00:00,clean,30,1848.344457135147,978.7573987232769,0.1795054935711501,9,5,2,357.13793103448273,188.93103448275863,0.050104085283476735,0.10653876087257756,2.384185791015625e-07,0.5158975124359131
::1|no-session,2026-04-07 21:02:18.194176400+00:00,2026-04-07 21:02:20.479117800+00:00,clean,30,2.2891046284519194,1.2840906856172147,0.0,8,5,1,2.1379310344827585,0.9655172413793104,0.07879118740897345,0.24725120160201694,1e-06,1.3479905128479004
::1|no-session,2026-04-07 21:02:18.374496400+00:00,2026-04-07 21:02:20.645706700+00:00,clean,30,2.5256462319352817,1.358512258154322,0.0,9,5,1,1.8620689655172413,0.9655172413793104,0.07831773081496667,0.24735767454378718,1e-06,1.3479905128479004
::1|no-session,2026-04-07 21:02:18.556417900+00:00,2026-04-07 21:02:22.126631200+00:00,clean,30,9267.31138620522,4904.833491907073,0.6,12,6,2,1067.0689655172414,564.8275862068965,0.12311095021688526,0.35385564402794684,1e-06,1.4617843627929688
::1|no-session,2026-04-07 21:02:18.689085200+00:00,2026-04-07 21:02:22.496924900+00:00,clean,30,13660.423919117591,7230.468263996922,0.8844332774281067,13,8,2,1067.103448275862,564.6896551724138,0.13130498731152765,0.3551651773680353,1e-06,1.4617843627929688
::1|no-session,2026-04-07 21:02:18.798903300+00:00,2026-04-07 21:02:22.746770500+00:00,clean,30,15307.461070740055,8102.260933358183,0.9910712498212336,14,9,2,1066.9655172413793,564.6206896551724,0.13613352258879563,0.35414611477455116,1e-06,1.4617843627929688
::1|no-session,2026-04-07 21:02:19.131114600+00:00,2026-04-07 21:02:22.991731400+00:00,clean,30,15132.852497096803,8010.3486471494425,0.9797958971132712,14,8,2,1066.8275862068965,564.8275862068965,0.13312485939236343,0.35252426827567485,1e-06,1.4617843627929688
::1|no-session,2026-04-07 21:02:20.479128300+00:00,2026-04-07 21:02:23.309596900+00:00,clean,30,13064.837364978306,6915.611106924841,0.8459051693633013,11,8,2,1067.0,564.9310344827586,0.09760243636664029,0.2658496866032458,1e-06,1.4617843627929688
::1|no-session,2026-04-07 21:02:20.652910800+00:00,2026-04-07 21:02:23.613871400+00:00,clean,30,7705.56950350416,4078.4067130028443,0.49888765156985887,9,6,2,1067.2068965517242,564.7931034482758,0.10210211683391703,0.26436476906303774,1e-06,1.4617843627929688
::1|no-session,2026-04-07 21:02:22.126631200+00:00,2026-04-07 21:02:25.578280+00:00,clean,30,7675.005435321999,4062.2499326796174,0.37267799624996495,10,6,2,711.7586206896551,376.7241379310345,0.11902240386752425,0.35413925070350377,2.384185791015625e-07,1.963592529296875
::1|no-session,2026-04-07 21:02:22.514674600+00:00,2026-04-07 21:02:25.828664200+00:00,clean,30,9708.293444782146,5138.332965726011,0.4714045207910317,11,8,2,711.6551724137931,377.0,0.11427557376835265,0.3526410194765574,2.384185791015625e-07,1.963592529296875
::1|no-session,2026-04-07 21:02:22.750994400+00:00,2026-04-07 21:02:25.971151400+00:00,clean,30,10296.866838671525,5449.866774722316,0.5,14,8,2,711.8620689655172,377.2413793103448,0.11103996234604409,0.3532661410437783,2.384185791015625e-07,1.963592529296875
::1|no-session,2026-04-07 21:02:23.070813100+00:00,2026-04-07 21:02:26.321715800+00:00,clean,30,9707.963455958323,5138.07367751335,0.4714045207910317,13,7,2,711.6551724137931,377.2758620689655,0.11210015221799655,0.3541329296088627,2.384185791015625e-07,1.963592529296875
::1|no-session,2026-04-07 21:02:23.455326400+00:00,2026-04-07 21:02:26.785598800+00:00,clean,30,8041.796047940203,4256.300264705644,0.42687494916219,12,7,3,1067.0689655172414,565.1379310344828,0.1148370413008065,0.3560411947080514,2.384185791015625e-07,1.963592529296875
::1|no-session,2026-04-07 21:02:25.577463800+00:00,2026-04-07 21:02:26.793383700+00:00,clean,30,4118.967013975982,2179.9336608152908,0.4,10,6,2,356.9310344827586,189.44827586206895,0.041928335622327076,0.07045017437524913,2.384185791015625e-07,0.29282712936401367
::1|no-session,2026-04-07 21:02:25.578282300+00:00,2026-04-07 21:02:26.977820+00:00,clean,30,4962.346101056098,2626.257965031023,0.48189440982669873,12,8,2,356.9655172413793,189.6206896551724,0.0482599504594474,0.07138025496483552,1e-06,0.29282712936401367
::1|no-session,2026-04-07 21:02:25.830260100+00:00,2026-04-07 21:02:27.151611400+00:00,clean,30,5137.4474899722545,2718.8979009068275,0.49888765156985887,13,8,2,357.17241379310343,189.55172413793105,0.04556382935622643,0.06721312775125364,1.5735626220703125e-05,0.29282712936401367
::1|no-session,2026-04-07 21:02:25.999947300+00:00,2026-04-07 21:02:27.277305700+00:00,clean,30,4719.413398576848,2497.34403895196,0.4582575694955841,13,8,2,356.8965517241379,189.55172413793105,0.0440468377080457,0.06646406199647655,1.0013580322265625e-05,0.29282712936401367
::1|no-session,2026-04-07 21:02:26.325167+00:00,2026-04-07 21:02:28.461085100+00:00,clean,30,3500.700138861114,1852.6180157340104,0.339934634239519,13,8,2,356.58620689655174,189.55172413793105,0.07365237593078613,0.20606957232484044,1e-06,1.1210095882415771
::1|no-session,2026-04-07 21:02:26.785614700+00:00,2026-04-07 21:02:30.995063100+00:00,clean,30,3088.145553024771,1634.9670880139724,0.3,11,6,2,356.3448275862069,189.48275862068965,0.14515350261977622,0.4948483294522756,1e-06,2.5339601039886475
::1|no-session,2026-04-07 21:02:26.933810700+00:00,2026-04-07 21:02:31.172996200+00:00,clean,30,4552.0984421107005,2409.9150874852185,0.4422166387140533,11,7,2,356.51724137931035,189.41379310344828,0.14617890804317082,0.49490620134509145,1e-06,2.5339601039886475
::1|no-session,2026-04-07 21:02:27.033183500+00:00,2026-04-07 21:02:31.328429100+00:00,clean,30,5100.8761252901995,2700.6357533407245,0.4955356249106168,12,8,2,356.6896551724138,189.3448275862069,0.14811201410385658,0.4946094534752172,1e-06,2.5339601039886475
::1|no-session,2026-04-07 21:02:27.151621400+00:00,2026-04-07 21:02:31.436586100+00:00,clean,30,5043.3091711252,2669.9848749051416,0.4898979485566356,11,8,2,356.58620689655174,189.10344827586206,0.14775750211939317,0.4947354639709371,1e-06,2.5339601039886475
::1|no-session,2026-04-07 21:02:27.302043200+00:00,2026-04-07 22:26:19.694680300+00:00,clean,30,4354.704306838755,2305.173278856832,0.4229525846816507,9,8,2,356.48275862068965,188.82758620689654,173.53078072463413,917.4325568566278,1e-06,5028.12685585022
::1|no-session,2026-04-07 21:02:28.461085200+00:00,2026-04-07 22:26:19.870588+00:00,clean,30,2568.470197521388,1359.754406337981,0.24944382578492943,8,7,2,356.62068965517244,188.89655172413794,173.49687947395432,917.4389453460118,1e-06,5028.12685585022
::1|no-session,2026-04-07 21:02:30.995064700+00:00,2026-04-07 22:26:19.957526300+00:00,clean,30,3851.653745975732,2039.283851421049,0.4988876515698588,9,7,2,1599.2413793103449,846.8620689655172,173.41249871413712,917.4547779968198,1e-06,5028.12685585022
::1|no-session,2026-04-07 21:02:31.177729400+00:00,2026-04-07 22:26:20.144915800+00:00,synthetic,30,6530.509060981047,3457.939698079704,0.8459051693633014,12,8,2,1598.8620689655172,846.9310344827586,173.41266163623996,917.454747255839,1e-06,5028.12685585022
::1|no-session,2026-04-07 21:02:31.381920600+00:00,2026-04-07 22:26:20.331625+00:00,synthetic,30,7564.391988785351,4005.201698486052,0.9797958971132712,14,9,2,1598.7586206896551,847.0344827586207,173.41205880719468,917.4548611450592,1e-06,5028.12685585022
::1|no-session,2026-04-07 21:02:31.560779800+00:00,2026-04-07 22:26:20.494083100+00:00,synthetic,30,7652.0008062524985,4051.2573088144154,0.9910712498212336,13,9,2,1598.9310344827586,847.2068965517242,173.41149325366106,917.4549679250067,1e-06,5028.12685585022
::1|no-session,2026-04-07 22:26:19.694703300+00:00,2026-04-07 22:26:20.590268100+00:00,synthetic,30,6829.0412989102815,3615.6990871598937,0.8844332774281065,12,7,2,1599.1379310344828,847.2758620689655,0.03088154463932432,0.04435753277603749,2.1696090698242188e-05,0.18147850036621094
::1|no-session,2026-04-07 22:26:19.937329100+00:00,2026-04-07 22:26:20.722693+00:00,synthetic,30,4632.900489254365,2452.966929387078,0.5999999999999999,9,6,2,1599.2413793103449,847.1379310344828,0.027081522448309536,0.03799009880411978,2.1696090698242188e-05,0.18147850036621094
